interaction_id,occurred_at,customer_id,campaign_id,product_id,channel,event_type,session_id,region,segment,spend_usd,revenue_usd,creative_id,agency_id,deal_id
INT-00001,2025-01-15T11:46:00+00:00,CUST-0004,CAMP-012,SKU-0015,display,form_submit,SES-00106,NA,Mid-Market,3.99,0.0,CR-0018,AGY-01,
INT-00002,2025-03-16T16:29:00+00:00,CUST-0005,CAMP-031,SKU-0020,webinar,impression,SES-00118,LATAM,Mid-Market,1.31,0.0,CR-0020,AGY-04,
INT-00003,2025-03-20T16:12:00+00:00,CUST-0030,CAMP-015,SKU-0015,paid_search,landing_view,SES-00103,NA,Enterprise,0.87,0.0,CR-0018,AGY-05,
INT-00004,2025-03-27T11:47:00+00:00,CUST-0036,CAMP-023,SKU-0011,organic_social,landing_view,SES-00216,EMEA,Enterprise,0.02,0.0,CR-0022,AGY-02,
INT-00005,2025-03-08T07:31:00+00:00,CUST-0034,CAMP-012,SKU-0020,partner,impression,SES-00153,EMEA,SMB,0.98,0.0,CR-0023,AGY-01,
INT-00006,2025-03-06T12:21:00+00:00,CUST-0056,CAMP-008,SKU-0022,organic_social,demo_booked,SES-00049,EMEA,SMB,0.21,161.3,CR-0003,AGY-02,
INT-00007,2025-01-29T13:45:00+00:00,CUST-0095,CAMP-013,SKU-0018,display,click,SES-00171,EMEA,Enterprise,0.84,0.0,CR-0040,AGY-01,
INT-00008,2025-01-27T21:52:00+00:00,CUST-0016,CAMP-020,SKU-0011,partner,landing_view,SES-00084,EMEA,Mid-Market,1.22,0.0,CR-0045,AGY-04,
INT-00009,2025-01-28T09:26:00+00:00,CUST-0025,CAMP-027,SKU-0018,organic_social,landing_view,SES-00045,APAC,SMB,0.02,0.0,CR-0037,AGY-04,
INT-00010,2025-03-01T14:13:00+00:00,CUST-0001,CAMP-020,SKU-0007,partner,impression,SES-00202,EMEA,Enterprise,0.85,0.0,CR-0039,AGY-04,
INT-00011,2025-01-08T17:14:00+00:00,CUST-0057,CAMP-029,SKU-0012,webinar,click,SES-00204,NA,SMB,3.74,0.0,CR-0043,AGY-04,
INT-00012,2025-01-29T06:07:00+00:00,CUST-0085,CAMP-022,SKU-0003,social_paid,mql,SES-00193,LATAM,Mid-Market,3.71,0.0,CR-0044,AGY-04,DEAL-5011
INT-00013,2025-03-07T09:15:00+00:00,CUST-0061,CAMP-005,SKU-0022,content_syndication,click,SES-00162,EMEA,Mid-Market,1.06,0.0,CR-0013,AGY-02,
INT-00014,2025-03-12T20:29:00+00:00,CUST-0064,CAMP-026,SKU-0023,webinar,impression,SES-00177,NA,Startup,1.17,0.0,CR-0007,AGY-02,
INT-00015,2025-01-13T03:17:00+00:00,CUST-0023,CAMP-030,SKU-0022,paid_search,click,SES-00218,EMEA,Startup,2.73,0.0,CR-0030,AGY-03,
INT-00016,2025-02-10T14:06:00+00:00,CUST-0086,CAMP-021,SKU-0028,content_syndication,landing_view,SES-00185,LATAM,SMB,0.45,0.0,CR-0036,AGY-04,
INT-00017,2025-02-14T02:37:00+00:00,CUST-0061,CAMP-029,SKU-0007,partner,form_submit,SES-00216,EMEA,Mid-Market,14.01,0.0,CR-0034,AGY-04,
INT-00018,2025-01-13T14:16:00+00:00,CUST-0010,CAMP-019,SKU-0020,webinar,impression,SES-00082,NA,Enterprise,1.07,0.0,CR-0006,AGY-02,
INT-00019,2025-02-12T09:49:00+00:00,CUST-0050,CAMP-010,SKU-0013,webinar,impression,SES-00105,LATAM,Enterprise,1.17,0.0,CR-0035,AGY-04,
INT-00020,2025-03-19T23:33:00+00:00,CUST-0027,CAMP-027,SKU-0005,organic_social,demo_booked,SES-00150,NA,Mid-Market,0.31,95.4,CR-0002,AGY-04,
INT-00021,2025-03-23T17:17:00+00:00,CUST-0039,CAMP-025,SKU-0004,organic_social,click,SES-00189,LATAM,Startup,0.05,0.0,CR-0039,AGY-01,
INT-00022,2025-03-03T19:36:00+00:00,CUST-0029,CAMP-018,SKU-0018,organic_social,click,SES-00100,LATAM,Enterprise,0.05,0.0,CR-0043,AGY-02,
INT-00023,2025-02-23T21:00:00+00:00,CUST-0093,CAMP-011,SKU-0015,content_syndication,trial_start,SES-00160,EMEA,Enterprise,9.99,321.37,CR-0026,AGY-05,DEAL-8564
INT-00024,2025-01-31T17:16:00+00:00,CUST-0024,CAMP-004,SKU-0002,partner,impression,SES-00055,EMEA,SMB,0.97,0.0,CR-0021,AGY-04,
INT-00025,2025-03-10T04:16:00+00:00,CUST-0049,CAMP-018,SKU-0018,organic_social,impression,SES-00021,APAC,Mid-Market,0.02,0.0,CR-0002,AGY-02,
INT-00026,2025-03-28T10:27:00+00:00,CUST-0045,CAMP-015,SKU-0010,social_paid,form_submit,SES-00167,APAC,Enterprise,4.61,0.0,CR-0002,AGY-05,
INT-00027,2025-03-28T06:24:00+00:00,CUST-0080,CAMP-010,SKU-0008,webinar,impression,SES-00172,NA,Startup,1.1,0.0,CR-0037,AGY-04,
INT-00028,2025-03-12T19:06:00+00:00,CUST-0090,CAMP-017,SKU-0026,display,impression,SES-00156,LATAM,Mid-Market,0.26,0.0,CR-0008,AGY-01,
INT-00029,2025-02-06T02:30:00+00:00,CUST-0040,CAMP-007,SKU-0002,paid_search,trial_start,SES-00148,NA,Enterprise,35.05,296.05,CR-0025,AGY-04,
INT-00030,2025-03-13T05:41:00+00:00,CUST-0032,CAMP-007,SKU-0019,partner,mql,SES-00154,APAC,Enterprise,8.07,0.0,CR-0037,AGY-04,
INT-00031,2025-02-09T11:02:00+00:00,CUST-0009,CAMP-022,SKU-0021,paid_search,mql,SES-00211,NA,Startup,16.5,0.0,CR-0007,AGY-04,
INT-00032,2025-03-15T13:32:00+00:00,CUST-0091,CAMP-010,SKU-0013,organic_social,impression,SES-00134,APAC,Mid-Market,0.02,0.0,CR-0040,AGY-04,
INT-00033,2025-03-19T12:35:00+00:00,CUST-0062,CAMP-030,SKU-0004,organic_social,mql,SES-00152,NA,Mid-Market,0.2,0.0,CR-0021,AGY-03,DEAL-8385
INT-00034,2025-02-14T09:04:00+00:00,CUST-0032,CAMP-030,SKU-0004,organic_social,impression,SES-00127,APAC,Enterprise,0.01,0.0,CR-0012,AGY-03,
INT-00035,2025-01-01T22:10:00+00:00,CUST-0034,CAMP-022,SKU-0021,partner,demo_booked,SES-00180,EMEA,SMB,12.43,48.27,CR-0036,AGY-04,DEAL-4937
INT-00036,2025-01-21T04:05:00+00:00,CUST-0089,CAMP-031,SKU-0028,content_syndication,click,SES-00005,NA,SMB,0.97,0.0,CR-0019,AGY-04,
INT-00037,2025-03-09T21:31:00+00:00,CUST-0032,CAMP-020,SKU-0011,display,click,SES-00136,APAC,Enterprise,0.81,0.0,CR-0028,AGY-04,
INT-00038,2025-01-29T17:19:00+00:00,CUST-0046,CAMP-030,SKU-0022,partner,impression,SES-00060,LATAM,Mid-Market,0.8,0.0,CR-0013,AGY-03,
INT-00039,2025-03-30T21:25:00+00:00,CUST-0069,CAMP-012,SKU-0020,webinar,impression,SES-00124,NA,Enterprise,1.29,0.0,CR-0038,AGY-01,
INT-00040,2025-01-17T07:59:00+00:00,CUST-0077,CAMP-019,SKU-0009,social_paid,mql,SES-00076,LATAM,SMB,4.73,0.0,CR-0024,AGY-02,DEAL-1745
INT-00041,2025-03-21T10:29:00+00:00,CUST-0007,CAMP-019,SKU-0010,email,landing_view,SES-00193,LATAM,Enterprise,0.05,0.0,CR-0007,AGY-02,
INT-00042,2025-03-27T15:47:00+00:00,CUST-0037,CAMP-031,SKU-0028,content_syndication,click,SES-00048,NA,Startup,1.11,0.0,CR-0017,AGY-04,
INT-00043,2025-01-05T21:06:00+00:00,CUST-0015,CAMP-005,SKU-0022,organic_social,click,SES-00148,LATAM,Enterprise,0.04,0.0,CR-0044,AGY-02,
INT-00044,2025-02-25T04:31:00+00:00,CUST-0073,CAMP-020,SKU-0007,social_paid,purchase,SES-00031,EMEA,Startup,14.86,21988.59,CR-0027,AGY-04,DEAL-8253
INT-00045,2025-03-28T06:02:00+00:00,CUST-0039,CAMP-028,SKU-0026,partner,click,SES-00016,LATAM,Startup,3.24,0.0,CR-0007,AGY-01,
INT-00046,2025-02-20T05:50:00+00:00,CUST-0081,CAMP-014,SKU-0012,partner,landing_view,SES-00041,NA,Startup,1.05,0.0,CR-0012,AGY-06,
INT-00047,2025-01-22T01:40:00+00:00,CUST-0001,CAMP-027,SKU-0012,content_syndication,landing_view,SES-00121,EMEA,Enterprise,0.37,0.0,CR-0003,AGY-04,
INT-00048,2025-03-02T04:22:00+00:00,CUST-0037,CAMP-030,SKU-0012,social_paid,landing_view,SES-00068,NA,Startup,0.52,0.0,CR-0038,AGY-03,
INT-00049,2025-03-17T05:48:00+00:00,CUST-0026,CAMP-028,SKU-0002,social_paid,click,SES-00166,EMEA,Mid-Market,1.07,0.0,CR-0018,AGY-01,
INT-00050,2025-01-12T07:39:00+00:00,CUST-0008,CAMP-011,SKU-0025,partner,click,SES-00212,APAC,Enterprise,2.97,0.0,CR-0029,AGY-05,
INT-00051,2025-02-24T10:25:00+00:00,CUST-0039,CAMP-026,SKU-0005,partner,click,SES-00127,LATAM,Startup,2.59,0.0,CR-0006,AGY-02,
INT-00052,2025-03-16T18:25:00+00:00,CUST-0056,CAMP-021,SKU-0017,partner,impression,SES-00059,EMEA,SMB,0.84,0.0,CR-0044,AGY-04,
INT-00053,2025-02-23T06:40:00+00:00,CUST-0006,CAMP-012,SKU-0020,content_syndication,click,SES-00114,LATAM,Mid-Market,0.98,0.0,CR-0012,AGY-01,
INT-00054,2025-01-10T12:30:00+00:00,CUST-0063,CAMP-006,SKU-0004,content_syndication,impression,SES-00086,NA,Mid-Market,0.33,0.0,CR-0043,AGY-03,
INT-00055,2025-02-11T09:34:00+00:00,CUST-0043,CAMP-027,SKU-0018,content_syndication,impression,SES-00103,LATAM,Mid-Market,0.26,0.0,CR-0003,AGY-04,
INT-00056,2025-03-21T03:09:00+00:00,CUST-0033,CAMP-021,SKU-0017,social_paid,purchase,SES-00104,APAC,SMB,13.35,6227.21,CR-0043,AGY-04,DEAL-9167
INT-00057,2025-02-09T21:04:00+00:00,CUST-0081,CAMP-029,SKU-0012,paid_search,impression,SES-00141,NA,Startup,0.84,0.0,CR-0019,AGY-04,
INT-00058,2025-01-29T06:50:00+00:00,CUST-0063,CAMP-008,SKU-0014,paid_search,purchase,SES-00156,NA,Mid-Market,29.22,3698.01,CR-0011,AGY-02,
INT-00059,2025-02-16T07:38:00+00:00,CUST-0015,CAMP-030,SKU-0004,social_paid,landing_view,SES-00040,LATAM,Enterprise,0.51,0.0,CR-0019,AGY-03,
INT-00060,2025-01-18T08:23:00+00:00,CUST-0054,CAMP-031,SKU-0014,content_syndication,impression,SES-00142,NA,SMB,0.34,0.0,CR-0025,AGY-04,
INT-00061,2025-03-27T00:53:00+00:00,CUST-0066,CAMP-009,SKU-0023,social_paid,impression,SES-00203,NA,SMB,0.39,0.0,CR-0022,AGY-01,
INT-00062,2025-03-02T01:39:00+00:00,CUST-0035,CAMP-001,SKU-0022,partner,form_submit,SES-00215,NA,SMB,11.97,0.0,CR-0038,AGY-05,
INT-00063,2025-02-11T10:42:00+00:00,CUST-0069,CAMP-031,SKU-0005,display,impression,SES-00196,NA,Enterprise,0.27,0.0,CR-0025,AGY-04,
INT-00064,2025-01-29T23:04:00+00:00,CUST-0025,CAMP-016,SKU-0021,organic_social,impression,SES-00199,APAC,SMB,0.02,0.0,CR-0003,AGY-01,
INT-00065,2025-03-29T19:41:00+00:00,CUST-0091,CAMP-025,SKU-0023,organic_social,purchase,SES-00203,APAC,Mid-Market,0.32,17016.84,CR-0032,AGY-01,
INT-00066,2025-03-30T06:54:00+00:00,CUST-0057,CAMP-007,SKU-0020,content_syndication,impression,SES-00037,NA,SMB,0.27,0.0,CR-0042,AGY-04,
INT-00067,2025-03-19T12:42:00+00:00,CUST-0061,CAMP-017,SKU-0026,display,landing_view,SES-00102,EMEA,Mid-Market,0.3,0.0,CR-0006,AGY-01,
INT-00068,2025-01-04T06:25:00+00:00,CUST-0087,CAMP-025,SKU-0001,display,landing_view,SES-00195,NA,Startup,0.33,0.0,CR-0035,AGY-01,
INT-00069,2025-03-06T01:40:00+00:00,CUST-0031,CAMP-019,SKU-0009,webinar,form_submit,SES-00112,NA,Startup,23.56,0.0,CR-0041,AGY-02,
INT-00070,2025-02-02T15:04:00+00:00,CUST-0089,CAMP-020,SKU-0023,paid_search,impression,SES-00204,NA,SMB,0.72,0.0,CR-0019,AGY-04,
INT-00071,2025-01-16T22:26:00+00:00,CUST-0019,CAMP-016,SKU-0010,organic_social,click,SES-00203,APAC,Startup,0.04,0.0,CR-0011,AGY-01,
INT-00072,2025-02-28T01:31:00+00:00,CUST-0049,CAMP-016,SKU-0010,content_syndication,trial_start,SES-00037,APAC,Mid-Market,7.91,4.7,CR-0030,AGY-01,
INT-00073,2025-03-29T13:35:00+00:00,CUST-0037,CAMP-011,SKU-0025,social_paid,click,SES-00089,NA,Startup,1.17,0.0,CR-0041,AGY-05,
INT-00074,2025-01-22T14:11:00+00:00,CUST-0033,CAMP-030,SKU-0004,partner,impression,SES-00099,APAC,SMB,0.87,0.0,CR-0007,AGY-03,
INT-00075,2025-01-25T23:36:00+00:00,CUST-0046,CAMP-019,SKU-0020,partner,impression,SES-00213,LATAM,Mid-Market,0.77,0.0,CR-0026,AGY-02,
INT-00076,2025-03-14T23:50:00+00:00,CUST-0088,CAMP-004,SKU-0028,content_syndication,mql,SES-00074,NA,Startup,4.07,0.0,CR-0039,AGY-04,
INT-00077,2025-03-13T18:44:00+00:00,CUST-0087,CAMP-009,SKU-0009,social_paid,demo_booked,SES-00166,NA,Startup,5.24,146.47,CR-0020,AGY-01,DEAL-5835
INT-00078,2025-02-18T07:39:00+00:00,CUST-0042,CAMP-027,SKU-0018,email,impression,SES-00202,EMEA,SMB,0.05,0.0,CR-0024,AGY-04,
INT-00079,2025-03-15T04:52:00+00:00,CUST-0035,CAMP-011,SKU-0025,partner,trial_start,SES-00124,NA,SMB,24.43,70.38,CR-0022,AGY-05,
INT-00080,2025-02-18T20:09:00+00:00,CUST-0087,CAMP-026,SKU-0023,display,impression,SES-00102,NA,Startup,0.21,0.0,CR-0017,AGY-02,
INT-00081,2025-01-22T06:47:00+00:00,CUST-0048,CAMP-017,SKU-0010,organic_social,mql,SES-00096,EMEA,Enterprise,0.23,0.0,CR-0044,AGY-01,
INT-00082,2025-02-07T03:56:00+00:00,CUST-0042,CAMP-015,SKU-0015,social_paid,landing_view,SES-00119,EMEA,SMB,0.42,0.0,CR-0042,AGY-05,
INT-00083,2025-03-22T18:14:00+00:00,CUST-0006,CAMP-003,SKU-0002,partner,purchase,SES-00030,LATAM,Mid-Market,32.99,11143.11,CR-0016,AGY-02,
INT-00084,2025-02-26T00:54:00+00:00,CUST-0090,CAMP-027,SKU-0002,email,demo_booked,SES-00168,LATAM,Mid-Market,0.7,6.54,CR-0032,AGY-04,DEAL-8264
INT-00085,2025-03-24T01:47:00+00:00,CUST-0057,CAMP-016,SKU-0020,display,impression,SES-00176,NA,SMB,0.27,0.0,CR-0035,AGY-01,
INT-00086,2025-03-02T07:50:00+00:00,CUST-0046,CAMP-004,SKU-0002,organic_social,impression,SES-00032,LATAM,Mid-Market,0.01,0.0,CR-0006,AGY-04,
INT-00087,2025-01-19T16:16:00+00:00,CUST-0082,CAMP-002,SKU-0007,paid_search,form_submit,SES-00063,LATAM,Mid-Market,7.49,0.0,CR-0037,AGY-04,
INT-00088,2025-01-26T05:42:00+00:00,CUST-0027,CAMP-014,SKU-0008,webinar,impression,SES-00038,NA,Mid-Market,1.33,0.0,CR-0001,AGY-06,
INT-00089,2025-01-02T08:27:00+00:00,CUST-0019,CAMP-009,SKU-0009,partner,form_submit,SES-00029,APAC,Startup,12.82,0.0,CR-0009,AGY-01,
INT-00090,2025-02-17T21:15:00+00:00,CUST-0076,CAMP-021,SKU-0016,paid_search,impression,SES-00014,EMEA,Mid-Market,0.66,0.0,CR-0027,AGY-04,
INT-00091,2025-02-11T03:25:00+00:00,CUST-0009,CAMP-031,SKU-0005,content_syndication,form_submit,SES-00132,NA,Startup,5.12,0.0,CR-0007,AGY-04,
INT-00092,2025-03-19T02:57:00+00:00,CUST-0006,CAMP-020,SKU-0023,content_syndication,landing_view,SES-00008,LATAM,Mid-Market,0.39,0.0,CR-0031,AGY-04,
INT-00093,2025-01-30T07:39:00+00:00,CUST-0088,CAMP-007,SKU-0019,content_syndication,landing_view,SES-00114,NA,Startup,0.41,0.0,CR-0006,AGY-04,
INT-00094,2025-02-24T09:01:00+00:00,CUST-0009,CAMP-009,SKU-0022,partner,landing_view,SES-00150,NA,Startup,1.21,0.0,CR-0025,AGY-01,
INT-00095,2025-02-09T03:30:00+00:00,CUST-0059,CAMP-028,SKU-0026,social_paid,form_submit,SES-00030,NA,SMB,4.75,0.0,CR-0014,AGY-01,
INT-00096,2025-01-29T10:43:00+00:00,CUST-0044,CAMP-030,SKU-0004,organic_social,click,SES-00025,EMEA,Enterprise,0.05,0.0,CR-0028,AGY-03,
INT-00097,2025-02-09T07:26:00+00:00,CUST-0048,CAMP-010,SKU-0008,content_syndication,impression,SES-00213,EMEA,Enterprise,0.26,0.0,CR-0006,AGY-04,
INT-00098,2025-01-31T00:07:00+00:00,CUST-0095,CAMP-024,SKU-0006,email,click,SES-00151,EMEA,Enterprise,0.16,0.0,CR-0036,AGY-04,
INT-00099,2025-02-24T15:36:00+00:00,CUST-0053,CAMP-023,SKU-0027,organic_social,demo_booked,SES-00185,LATAM,Startup,0.17,101.48,CR-0019,AGY-02,DEAL-8900
INT-00100,2025-02-22T06:08:00+00:00,CUST-0029,CAMP-007,SKU-0019,display,mql,SES-00095,LATAM,Enterprise,2.67,0.0,CR-0018,AGY-04,
INT-00101,2025-02-01T22:49:00+00:00,CUST-0080,CAMP-002,SKU-0010,partner,impression,SES-00070,NA,Startup,0.77,0.0,CR-0022,AGY-04,
INT-00102,2025-03-09T21:54:00+00:00,CUST-0019,CAMP-026,SKU-0023,social_paid,impression,SES-00163,APAC,Startup,0.36,0.0,CR-0006,AGY-02,
INT-00103,2025-03-12T17:01:00+00:00,CUST-0049,CAMP-027,SKU-0012,content_syndication,impression,SES-00095,APAC,Mid-Market,0.34,0.0,CR-0021,AGY-04,
INT-00104,2025-03-03T08:18:00+00:00,CUST-0077,CAMP-006,SKU-0019,paid_search,impression,SES-00194,LATAM,SMB,0.66,0.0,CR-0004,AGY-03,
INT-00105,2025-03-10T17:11:00+00:00,CUST-0057,CAMP-028,SKU-0010,content_syndication,landing_view,SES-00107,NA,SMB,0.4,0.0,CR-0014,AGY-01,
INT-00106,2025-02-17T23:06:00+00:00,CUST-0045,CAMP-028,SKU-0026,social_paid,impression,SES-00174,APAC,Enterprise,0.38,0.0,CR-0032,AGY-01,
INT-00107,2025-01-28T10:27:00+00:00,CUST-0006,CAMP-015,SKU-0010,organic_social,purchase,SES-00015,LATAM,Mid-Market,0.83,21679.51,CR-0014,AGY-05,DEAL-2965
INT-00108,2025-02-15T12:50:00+00:00,CUST-0001,CAMP-032,SKU-0014,organic_social,impression,SES-00098,EMEA,Enterprise,0.02,0.0,CR-0015,AGY-03,
INT-00109,2025-01-02T16:56:00+00:00,CUST-0086,CAMP-023,SKU-0027,social_paid,click,SES-00190,LATAM,SMB,1.19,0.0,CR-0028,AGY-02,
INT-00110,2025-01-11T11:36:00+00:00,CUST-0010,CAMP-021,SKU-0028,organic_social,click,SES-00182,NA,Enterprise,0.05,0.0,CR-0019,AGY-04,
INT-00111,2025-03-18T20:48:00+00:00,CUST-0042,CAMP-011,SKU-0015,content_syndication,mql,SES-00093,EMEA,SMB,2.87,0.0,CR-0028,AGY-05,DEAL-2288
INT-00112,2025-02-16T11:10:00+00:00,CUST-0051,CAMP-020,SKU-0023,display,impression,SES-00200,APAC,Startup,0.25,0.0,CR-0005,AGY-04,
INT-00113,2025-01-22T12:08:00+00:00,CUST-0068,CAMP-013,SKU-0009,display,impression,SES-00210,APAC,SMB,0.21,0.0,CR-0010,AGY-01,
INT-00114,2025-01-17T02:58:00+00:00,CUST-0033,CAMP-013,SKU-0009,email,landing_view,SES-00195,APAC,SMB,0.07,0.0,CR-0005,AGY-01,
INT-00115,2025-03-03T23:57:00+00:00,CUST-0081,CAMP-032,SKU-0014,content_syndication,form_submit,SES-00195,NA,Startup,6.32,0.0,CR-0029,AGY-03,
INT-00116,2025-02-27T11:16:00+00:00,CUST-0082,CAMP-021,SKU-0028,display,impression,SES-00018,LATAM,Mid-Market,0.23,0.0,CR-0029,AGY-04,
INT-00117,2025-01-04T10:09:00+00:00,CUST-0036,CAMP-004,SKU-0002,display,click,SES-00080,EMEA,Enterprise,0.69,0.0,CR-0029,AGY-04,
INT-00118,2025-02-22T19:44:00+00:00,CUST-0037,CAMP-005,SKU-0020,social_paid,landing_view,SES-00130,NA,Startup,0.49,0.0,CR-0030,AGY-02,
INT-00119,2025-01-30T06:23:00+00:00,CUST-0095,CAMP-003,SKU-0019,content_syndication,demo_booked,SES-00147,EMEA,Enterprise,4.92,191.54,CR-0013,AGY-02,DEAL-6626
INT-00120,2025-02-17T16:50:00+00:00,CUST-0092,CAMP-006,SKU-0004,email,impression,SES-00182,NA,Startup,0.05,0.0,CR-0029,AGY-03,
INT-00121,2025-03-03T19:04:00+00:00,CUST-0021,CAMP-024,SKU-0009,display,trial_start,SES-00100,NA,Enterprise,10.41,323.65,CR-0022,AGY-04,DEAL-2548
INT-00122,2025-01-31T08:14:00+00:00,CUST-0072,CAMP-025,SKU-0004,partner,impression,SES-00219,LATAM,SMB,0.79,0.0,CR-0010,AGY-01,
INT-00123,2025-02-24T03:53:00+00:00,CUST-0085,CAMP-010,SKU-0005,display,impression,SES-00168,LATAM,Mid-Market,0.26,0.0,CR-0009,AGY-04,
INT-00124,2025-03-05T23:21:00+00:00,CUST-0011,CAMP-020,SKU-0023,organic_social,landing_view,SES-00085,APAC,Enterprise,0.02,0.0,CR-0043,AGY-04,
INT-00125,2025-01-17T09:47:00+00:00,CUST-0095,CAMP-006,SKU-0004,organic_social,click,SES-00005,EMEA,Enterprise,0.06,0.0,CR-0020,AGY-03,
INT-00126,2025-01-27T22:10:00+00:00,CUST-0044,CAMP-032,SKU-0026,webinar,impression,SES-00036,EMEA,Enterprise,1.32,0.0,CR-0005,AGY-03,
INT-00127,2025-02-04T06:57:00+00:00,CUST-0013,CAMP-003,SKU-0024,display,demo_booked,SES-00159,NA,Mid-Market,2.25,138.57,CR-0039,AGY-02,
INT-00128,2025-02-25T13:51:00+00:00,CUST-0022,CAMP-029,SKU-0012,paid_search,click,SES-00174,APAC,Mid-Market,2.34,0.0,CR-0029,AGY-04,
INT-00129,2025-02-03T11:33:00+00:00,CUST-0058,CAMP-015,SKU-0027,webinar,impression,SES-00208,APAC,Mid-Market,1.26,0.0,CR-0013,AGY-05,
INT-00130,2025-02-18T00:15:00+00:00,CUST-0074,CAMP-029,SKU-0007,content_syndication,form_submit,SES-00200,EMEA,SMB,3.75,0.0,CR-0033,AGY-04,
INT-00131,2025-03-27T00:59:00+00:00,CUST-0026,CAMP-009,SKU-0022,partner,impression,SES-00124,EMEA,Mid-Market,0.79,0.0,CR-0036,AGY-01,
INT-00132,2025-03-24T09:40:00+00:00,CUST-0067,CAMP-008,SKU-0022,partner,impression,SES-00042,NA,Mid-Market,0.9,0.0,CR-0029,AGY-02,
INT-00133,2025-01-05T20:20:00+00:00,CUST-0056,CAMP-006,SKU-0013,webinar,mql,SES-00090,EMEA,SMB,15.73,0.0,CR-0027,AGY-03,DEAL-2337
INT-00134,2025-01-13T12:35:00+00:00,CUST-0048,CAMP-015,SKU-0015,paid_search,impression,SES-00026,EMEA,Enterprise,0.65,0.0,CR-0010,AGY-05,
INT-00135,2025-01-24T07:04:00+00:00,CUST-0061,CAMP-009,SKU-0009,content_syndication,click,SES-00002,EMEA,Mid-Market,0.91,0.0,CR-0002,AGY-01,
INT-00136,2025-01-05T08:18:00+00:00,CUST-0020,CAMP-028,SKU-0010,social_paid,form_submit,SES-00061,EMEA,SMB,4.32,0.0,CR-0008,AGY-01,
INT-00137,2025-01-02T11:54:00+00:00,CUST-0080,CAMP-030,SKU-0012,social_paid,impression,SES-00128,NA,Startup,0.37,0.0,CR-0035,AGY-03,
INT-00138,2025-01-22T21:31:00+00:00,CUST-0074,CAMP-016,SKU-0017,email,impression,SES-00001,EMEA,SMB,0.05,0.0,CR-0023,AGY-01,
INT-00139,2025-03-13T13:56:00+00:00,CUST-0024,CAMP-006,SKU-0019,display,impression,SES-00135,EMEA,SMB,0.28,0.0,CR-0033,AGY-03,
INT-00140,2025-01-24T02:06:00+00:00,CUST-0071,CAMP-002,SKU-0002,organic_social,demo_booked,SES-00012,APAC,Enterprise,0.26,13.51,CR-0024,AGY-04,DEAL-2698
INT-00141,2025-01-16T22:29:00+00:00,CUST-0075,CAMP-022,SKU-0021,email,impression,SES-00140,LATAM,Enterprise,0.05,0.0,CR-0042,AGY-04,
INT-00142,2025-03-07T04:13:00+00:00,CUST-0088,CAMP-030,SKU-0022,content_syndication,landing_view,SES-00208,NA,Startup,0.43,0.0,CR-0005,AGY-03,
INT-00143,2025-01-29T17:25:00+00:00,CUST-0059,CAMP-003,SKU-0024,partner,impression,SES-00203,NA,SMB,1.02,0.0,CR-0003,AGY-02,
INT-00144,2025-02-02T11:49:00+00:00,CUST-0066,CAMP-026,SKU-0023,content_syndication,impression,SES-00193,NA,SMB,0.33,0.0,CR-0019,AGY-02,
INT-00145,2025-03-09T15:46:00+00:00,CUST-0007,CAMP-022,SKU-0021,partner,impression,SES-00095,LATAM,Enterprise,0.88,0.0,CR-0026,AGY-04,
INT-00146,2025-01-25T06:39:00+00:00,CUST-0050,CAMP-022,SKU-0021,email,click,SES-00128,LATAM,Enterprise,0.16,0.0,CR-0034,AGY-04,
INT-00147,2025-01-27T17:44:00+00:00,CUST-0094,CAMP-028,SKU-0002,social_paid,click,SES-00211,EMEA,Enterprise,1.14,0.0,CR-0035,AGY-01,
INT-00148,2025-03-04T18:48:00+00:00,CUST-0011,CAMP-021,SKU-0028,partner,impression,SES-00155,APAC,Enterprise,0.88,0.0,CR-0011,AGY-04,
INT-00149,2025-03-31T04:54:00+00:00,CUST-0058,CAMP-003,SKU-0011,display,landing_view,SES-00112,APAC,Mid-Market,0.35,0.0,CR-0041,AGY-02,
INT-00150,2025-01-15T13:29:00+00:00,CUST-0008,CAMP-005,SKU-0022,organic_social,impression,SES-00206,APAC,Enterprise,0.02,0.0,CR-0044,AGY-02,
INT-00151,2025-02-04T20:21:00+00:00,CUST-0019,CAMP-029,SKU-0007,paid_search,impression,SES-00061,APAC,Startup,0.85,0.0,CR-0024,AGY-04,
INT-00152,2025-02-22T05:45:00+00:00,CUST-0005,CAMP-010,SKU-0005,content_syndication,trial_start,SES-00096,LATAM,Mid-Market,7.08,157.19,CR-0005,AGY-04,DEAL-2858
INT-00153,2025-03-12T12:56:00+00:00,CUST-0004,CAMP-012,SKU-0015,content_syndication,click,SES-00144,NA,Mid-Market,0.93,0.0,CR-0017,AGY-01,
INT-00154,2025-01-13T08:30:00+00:00,CUST-0058,CAMP-014,SKU-0012,partner,landing_view,SES-00126,APAC,Mid-Market,1.33,0.0,CR-0008,AGY-06,
INT-00155,2025-02-01T14:57:00+00:00,CUST-0058,CAMP-012,SKU-0020,content_syndication,purchase,SES-00208,APAC,Mid-Market,13.29,8981.71,CR-0043,AGY-01,DEAL-3580
INT-00156,2025-01-22T13:09:00+00:00,CUST-0092,CAMP-012,SKU-0015,display,click,SES-00032,NA,Startup,0.87,0.0,CR-0009,AGY-01,
INT-00157,2025-03-22T11:39:00+00:00,CUST-0004,CAMP-024,SKU-0021,display,click,SES-00142,NA,Mid-Market,0.7,0.0,CR-0040,AGY-04,
INT-00158,2025-01-07T17:06:00+00:00,CUST-0040,CAMP-026,SKU-0005,content_syndication,click,SES-00197,NA,Enterprise,0.89,0.0,CR-0037,AGY-02,
INT-00159,2025-03-21T21:55:00+00:00,CUST-0041,CAMP-005,SKU-0020,content_syndication,click,SES-00133,EMEA,SMB,1.1,0.0,CR-0009,AGY-02,
INT-00160,2025-01-14T22:16:00+00:00,CUST-0071,CAMP-012,SKU-0015,email,click,SES-00015,APAC,Enterprise,0.14,0.0,CR-0034,AGY-01,
INT-00161,2025-01-23T19:27:00+00:00,CUST-0021,CAMP-021,SKU-0009,webinar,impression,SES-00133,NA,Enterprise,1.09,0.0,CR-0006,AGY-04,
INT-00162,2025-02-28T08:15:00+00:00,CUST-0071,CAMP-018,SKU-0024,email,landing_view,SES-00158,APAC,Enterprise,0.05,0.0,CR-0033,AGY-02,
INT-00163,2025-01-04T17:59:00+00:00,CUST-0075,CAMP-010,SKU-0013,email,landing_view,SES-00185,LATAM,Enterprise,0.07,0.0,CR-0037,AGY-04,
INT-00164,2025-03-01T06:24:00+00:00,CUST-0004,CAMP-006,SKU-0019,paid_search,trial_start,SES-00198,NA,Mid-Market,20.71,309.05,CR-0017,AGY-03,DEAL-9938
INT-00165,2025-01-28T01:45:00+00:00,CUST-0038,CAMP-020,SKU-0007,content_syndication,impression,SES-00207,NA,Enterprise,0.3,0.0,CR-0026,AGY-04,
INT-00166,2025-01-31T23:09:00+00:00,CUST-0089,CAMP-004,SKU-0002,email,click,SES-00124,NA,SMB,0.15,0.0,CR-0014,AGY-04,
INT-00167,2025-02-21T02:56:00+00:00,CUST-0041,CAMP-021,SKU-0009,display,purchase,SES-00034,EMEA,SMB,5.21,4483.59,CR-0033,AGY-04,DEAL-3308
INT-00168,2025-03-29T15:01:00+00:00,CUST-0013,CAMP-004,SKU-0002,partner,trial_start,SES-00158,NA,Mid-Market,39.47,163.72,CR-0016,AGY-04,
INT-00169,2025-03-22T00:22:00+00:00,CUST-0041,CAMP-013,SKU-0007,email,click,SES-00132,EMEA,SMB,0.14,0.0,CR-0032,AGY-01,
INT-00170,2025-02-02T02:54:00+00:00,CUST-0003,CAMP-006,SKU-0013,organic_social,click,SES-00062,LATAM,SMB,0.04,0.0,CR-0038,AGY-03,
INT-00171,2025-01-13T04:35:00+00:00,CUST-0037,CAMP-032,SKU-0026,content_syndication,impression,SES-00003,NA,Startup,0.33,0.0,CR-0028,AGY-03,
INT-00172,2025-02-21T03:18:00+00:00,CUST-0094,CAMP-024,SKU-0021,organic_social,impression,SES-00103,EMEA,Enterprise,0.01,0.0,CR-0037,AGY-04,
INT-00173,2025-03-17T02:55:00+00:00,CUST-0071,CAMP-019,SKU-0020,social_paid,click,SES-00116,APAC,Enterprise,1.38,0.0,CR-0018,AGY-02,
INT-00174,2025-02-20T18:36:00+00:00,CUST-0088,CAMP-008,SKU-0022,email,purchase,SES-00101,NA,Startup,2.48,6534.75,CR-0022,AGY-02,DEAL-9193
INT-00175,2025-02-11T14:18:00+00:00,CUST-0006,CAMP-003,SKU-0028,paid_search,impression,SES-00086,LATAM,Mid-Market,0.67,0.0,CR-0034,AGY-02,
INT-00176,2025-02-26T02:45:00+00:00,CUST-0066,CAMP-009,SKU-0007,display,trial_start,SES-00082,NA,SMB,10.07,168.19,CR-0026,AGY-01,
INT-00177,2025-03-03T07:57:00+00:00,CUST-0069,CAMP-032,SKU-0006,partner,click,SES-00005,NA,Enterprise,2.65,0.0,CR-0022,AGY-03,
INT-00178,2025-02-22T13:51:00+00:00,CUST-0054,CAMP-020,SKU-0007,paid_search,click,SES-00068,NA,SMB,2.3,0.0,CR-0038,AGY-04,
INT-00179,2025-01-14T10:49:00+00:00,CUST-0007,CAMP-031,SKU-0005,email,click,SES-00185,LATAM,Enterprise,0.16,0.0,CR-0025,AGY-04,
INT-00180,2025-01-14T18:48:00+00:00,CUST-0032,CAMP-003,SKU-0011,social_paid,impression,SES-00113,APAC,Enterprise,0.35,0.0,CR-0027,AGY-02,
INT-00181,2025-03-06T05:47:00+00:00,CUST-0027,CAMP-027,SKU-0005,content_syndication,demo_booked,SES-00189,NA,Mid-Market,2.78,65.01,CR-0004,AGY-04,
INT-00182,2025-02-19T17:21:00+00:00,CUST-0068,CAMP-025,SKU-0004,display,trial_start,SES-00118,APAC,SMB,8.26,360.46,CR-0022,AGY-01,
INT-00183,2025-01-28T04:04:00+00:00,CUST-0089,CAMP-017,SKU-0004,content_syndication,impression,SES-00064,NA,SMB,0.28,0.0,CR-0036,AGY-01,
INT-00184,2025-02-01T17:58:00+00:00,CUST-0039,CAMP-019,SKU-0010,webinar,landing_view,SES-00126,LATAM,Startup,1.63,0.0,CR-0031,AGY-02,
INT-00185,2025-03-16T11:46:00+00:00,CUST-0093,CAMP-018,SKU-0018,partner,impression,SES-00174,EMEA,Enterprise,0.86,0.0,CR-0026,AGY-02,
INT-00186,2025-03-26T02:31:00+00:00,CUST-0019,CAMP-019,SKU-0009,paid_search,impression,SES-00183,APAC,Startup,0.74,0.0,CR-0023,AGY-02,
INT-00187,2025-03-05T08:48:00+00:00,CUST-0033,CAMP-031,SKU-0020,webinar,impression,SES-00138,APAC,SMB,1.12,0.0,CR-0036,AGY-04,
INT-00188,2025-01-22T04:38:00+00:00,CUST-0014,CAMP-016,SKU-0010,webinar,impression,SES-00136,APAC,Mid-Market,1.04,0.0,CR-0041,AGY-01,
INT-00189,2025-03-29T19:01:00+00:00,CUST-0053,CAMP-022,SKU-0003,content_syndication,impression,SES-00198,LATAM,Startup,0.3,0.0,CR-0001,AGY-04,
INT-00190,2025-01-26T23:29:00+00:00,CUST-0021,CAMP-027,SKU-0012,content_syndication,click,SES-00052,NA,Enterprise,1.04,0.0,CR-0021,AGY-04,
INT-00191,2025-03-27T00:11:00+00:00,CUST-0012,CAMP-015,SKU-0027,paid_search,trial_start,SES-00045,APAC,Enterprise,43.66,198.5,CR-0012,AGY-05,DEAL-5742
INT-00192,2025-02-11T08:32:00+00:00,CUST-0005,CAMP-001,SKU-0026,partner,click,SES-00028,LATAM,Mid-Market,3.44,0.0,CR-0019,AGY-05,
INT-00193,2025-03-15T14:52:00+00:00,CUST-0070,CAMP-032,SKU-0006,email,mql,SES-00120,EMEA,Mid-Market,0.4,0.0,CR-0013,AGY-03,DEAL-5215
INT-00194,2025-03-03T09:15:00+00:00,CUST-0092,CAMP-012,SKU-0020,paid_search,form_submit,SES-00203,NA,Startup,12.48,0.0,CR-0037,AGY-01,
INT-00195,2025-01-09T16:22:00+00:00,CUST-0082,CAMP-026,SKU-0005,organic_social,click,SES-00023,LATAM,Mid-Market,0.05,0.0,CR-0043,AGY-02,
INT-00196,2025-01-22T10:30:00+00:00,CUST-0018,CAMP-031,SKU-0020,display,trial_start,SES-00002,NA,Mid-Market,7.79,164.81,CR-0025,AGY-04,
INT-00197,2025-03-02T18:48:00+00:00,CUST-0074,CAMP-001,SKU-0024,partner,landing_view,SES-00178,EMEA,SMB,1.06,0.0,CR-0004,AGY-05,
INT-00198,2025-01-11T16:29:00+00:00,CUST-0040,CAMP-011,SKU-0025,organic_social,landing_view,SES-00181,NA,Enterprise,0.02,0.0,CR-0045,AGY-05,
INT-00199,2025-02-11T09:54:00+00:00,CUST-0038,CAMP-024,SKU-0009,webinar,impression,SES-00035,NA,Enterprise,1.29,0.0,CR-0010,AGY-04,
INT-00200,2025-03-17T03:33:00+00:00,CUST-0078,CAMP-024,SKU-0006,organic_social,landing_view,SES-00121,LATAM,Mid-Market,0.02,0.0,CR-0043,AGY-04,
INT-00201,2025-01-11T05:07:00+00:00,CUST-0032,CAMP-006,SKU-0013,content_syndication,click,SES-00093,APAC,Enterprise,0.87,0.0,CR-0037,AGY-03,
INT-00202,2025-01-11T13:55:00+00:00,CUST-0071,CAMP-013,SKU-0017,email,impression,SES-00219,APAC,Enterprise,0.05,0.0,CR-0029,AGY-01,
INT-00203,2025-01-13T00:14:00+00:00,CUST-0092,CAMP-032,SKU-0026,social_paid,demo_booked,SES-00115,NA,Startup,5.39,11.55,CR-0030,AGY-03,DEAL-6049
INT-00204,2025-01-07T15:32:00+00:00,CUST-0093,CAMP-002,SKU-0007,organic_social,impression,SES-00001,EMEA,Enterprise,0.01,0.0,CR-0038,AGY-04,
INT-00205,2025-01-27T03:09:00+00:00,CUST-0045,CAMP-005,SKU-0020,paid_search,trial_start,SES-00018,APAC,Enterprise,27.26,382.91,CR-0003,AGY-02,
INT-00206,2025-02-04T04:36:00+00:00,CUST-0083,CAMP-027,SKU-0019,display,purchase,SES-00098,APAC,SMB,6.2,24638.04,CR-0025,AGY-04,DEAL-6697
INT-00207,2025-03-10T19:53:00+00:00,CUST-0016,CAMP-012,SKU-0015,organic_social,click,SES-00187,EMEA,Mid-Market,0.04,0.0,CR-0001,AGY-01,
INT-00208,2025-02-11T22:15:00+00:00,CUST-0039,CAMP-030,SKU-0022,organic_social,click,SES-00211,LATAM,Startup,0.05,0.0,CR-0016,AGY-03,
INT-00209,2025-03-11T17:28:00+00:00,CUST-0036,CAMP-013,SKU-0007,social_paid,impression,SES-00170,EMEA,Enterprise,0.41,0.0,CR-0040,AGY-01,
INT-00210,2025-02-24T09:52:00+00:00,CUST-0003,CAMP-016,SKU-0023,webinar,impression,SES-00153,LATAM,SMB,1.26,0.0,CR-0029,AGY-01,
INT-00211,2025-03-10T15:58:00+00:00,CUST-0007,CAMP-016,SKU-0017,paid_search,click,SES-00060,LATAM,Enterprise,2.77,0.0,CR-0014,AGY-01,
INT-00212,2025-02-24T10:10:00+00:00,CUST-0008,CAMP-009,SKU-0022,partner,impression,SES-00188,APAC,Enterprise,0.97,0.0,CR-0037,AGY-01,
INT-00213,2025-02-07T15:26:00+00:00,CUST-0042,CAMP-016,SKU-0017,partner,demo_booked,SES-00170,EMEA,SMB,9.64,189.7,CR-0015,AGY-01,
INT-00214,2025-01-30T00:17:00+00:00,CUST-0023,CAMP-028,SKU-0012,content_syndication,impression,SES-00089,EMEA,Startup,0.32,0.0,CR-0034,AGY-01,
INT-00215,2025-03-19T07:24:00+00:00,CUST-0053,CAMP-010,SKU-0005,partner,impression,SES-00194,LATAM,Startup,0.83,0.0,CR-0016,AGY-04,
INT-00216,2025-02-20T17:24:00+00:00,CUST-0091,CAMP-010,SKU-0005,content_syndication,trial_start,SES-00144,APAC,Mid-Market,10.92,127.5,CR-0027,AGY-04,DEAL-2295
INT-00217,2025-01-25T10:27:00+00:00,CUST-0058,CAMP-024,SKU-0021,social_paid,click,SES-00213,APAC,Mid-Market,1.16,0.0,CR-0004,AGY-04,
INT-00218,2025-02-20T20:49:00+00:00,CUST-0078,CAMP-003,SKU-0025,social_paid,impression,SES-00195,LATAM,Mid-Market,0.33,0.0,CR-0043,AGY-02,
INT-00219,2025-03-29T13:41:00+00:00,CUST-0027,CAMP-022,SKU-0003,partner,trial_start,SES-00004,NA,Mid-Market,43.22,377.17,CR-0013,AGY-04,
INT-00220,2025-02-04T15:34:00+00:00,CUST-0090,CAMP-014,SKU-0003,organic_social,trial_start,SES-00142,LATAM,Mid-Market,0.56,154.21,CR-0019,AGY-06,DEAL-9147
INT-00221,2025-01-29T11:35:00+00:00,CUST-0060,CAMP-007,SKU-0019,content_syndication,form_submit,SES-00082,EMEA,Enterprise,4.23,0.0,CR-0024,AGY-04,
INT-00222,2025-01-14T20:56:00+00:00,CUST-0029,CAMP-010,SKU-0005,paid_search,impression,SES-00150,LATAM,Enterprise,0.68,0.0,CR-0019,AGY-04,
INT-00223,2025-03-11T11:35:00+00:00,CUST-0030,CAMP-025,SKU-0014,webinar,click,SES-00168,NA,Enterprise,4.39,0.0,CR-0017,AGY-01,
INT-00224,2025-01-13T17:44:00+00:00,CUST-0093,CAMP-032,SKU-0006,content_syndication,impression,SES-00204,EMEA,Enterprise,0.32,0.0,CR-0011,AGY-03,
INT-00225,2025-01-05T09:58:00+00:00,CUST-0063,CAMP-012,SKU-0015,paid_search,click,SES-00215,NA,Mid-Market,2.7,0.0,CR-0043,AGY-01,
INT-00226,2025-02-16T00:47:00+00:00,CUST-0053,CAMP-009,SKU-0009,webinar,impression,SES-00039,LATAM,Startup,1.18,0.0,CR-0014,AGY-01,
INT-00227,2025-01-02T01:53:00+00:00,CUST-0008,CAMP-031,SKU-0005,content_syndication,impression,SES-00137,APAC,Enterprise,0.26,0.0,CR-0027,AGY-04,
INT-00228,2025-01-10T17:46:00+00:00,CUST-0093,CAMP-018,SKU-0018,partner,impression,SES-00209,EMEA,Enterprise,1.01,0.0,CR-0012,AGY-02,
INT-00229,2025-01-25T07:58:00+00:00,CUST-0068,CAMP-010,SKU-0013,webinar,impression,SES-00135,APAC,SMB,1.31,0.0,CR-0023,AGY-04,
INT-00230,2025-01-28T07:18:00+00:00,CUST-0011,CAMP-024,SKU-0006,organic_social,click,SES-00063,APAC,Enterprise,0.05,0.0,CR-0015,AGY-04,
INT-00231,2025-01-06T02:35:00+00:00,CUST-0011,CAMP-003,SKU-0025,social_paid,click,SES-00097,APAC,Enterprise,1.25,0.0,CR-0031,AGY-02,
INT-00232,2025-03-30T23:00:00+00:00,CUST-0090,CAMP-011,SKU-0025,social_paid,click,SES-00112,LATAM,Mid-Market,1.33,0.0,CR-0037,AGY-05,
INT-00233,2025-01-25T16:12:00+00:00,CUST-0013,CAMP-003,SKU-0025,webinar,impression,SES-00178,NA,Mid-Market,1.04,0.0,CR-0031,AGY-02,
INT-00234,2025-03-29T12:21:00+00:00,CUST-0010,CAMP-018,SKU-0018,paid_search,impression,SES-00218,NA,Enterprise,0.68,0.0,CR-0002,AGY-02,
INT-00235,2025-03-17T23:19:00+00:00,CUST-0019,CAMP-026,SKU-0023,social_paid,impression,SES-00145,APAC,Startup,0.4,0.0,CR-0037,AGY-02,
INT-00236,2025-03-09T20:28:00+00:00,CUST-0087,CAMP-022,SKU-0003,organic_social,form_submit,SES-00036,NA,Startup,0.28,0.0,CR-0033,AGY-04,
INT-00237,2025-01-03T16:43:00+00:00,CUST-0056,CAMP-015,SKU-0027,social_paid,impression,SES-00197,EMEA,SMB,0.37,0.0,CR-0021,AGY-05,
INT-00238,2025-03-03T20:48:00+00:00,CUST-0058,CAMP-032,SKU-0006,webinar,impression,SES-00097,APAC,Mid-Market,1.23,0.0,CR-0012,AGY-03,
INT-00239,2025-01-25T09:23:00+00:00,CUST-0049,CAMP-006,SKU-0013,partner,form_submit,SES-00183,APAC,Mid-Market,9.94,0.0,CR-0006,AGY-03,
INT-00240,2025-03-27T19:55:00+00:00,CUST-0082,CAMP-010,SKU-0008,organic_social,impression,SES-00028,LATAM,Mid-Market,0.01,0.0,CR-0001,AGY-04,
INT-00241,2025-02-20T16:45:00+00:00,CUST-0047,CAMP-018,SKU-0018,social_paid,impression,SES-00048,EMEA,SMB,0.37,0.0,CR-0029,AGY-02,
INT-00242,2025-02-24T10:26:00+00:00,CUST-0053,CAMP-007,SKU-0019,paid_search,impression,SES-00142,LATAM,Startup,0.81,0.0,CR-0039,AGY-04,
INT-00243,2025-03-24T09:27:00+00:00,CUST-0050,CAMP-001,SKU-0023,partner,click,SES-00200,LATAM,Enterprise,3.44,0.0,CR-0036,AGY-05,
INT-00244,2025-02-14T21:14:00+00:00,CUST-0032,CAMP-011,SKU-0025,organic_social,impression,SES-00069,APAC,Enterprise,0.01,0.0,CR-0018,AGY-05,
INT-00245,2025-01-23T21:50:00+00:00,CUST-0022,CAMP-028,SKU-0005,partner,click,SES-00124,APAC,Mid-Market,3.4,0.0,CR-0024,AGY-01,
INT-00246,2025-03-28T08:44:00+00:00,CUST-0093,CAMP-032,SKU-0006,webinar,click,SES-00035,EMEA,Enterprise,3.87,0.0,CR-0001,AGY-03,
INT-00247,2025-01-28T08:18:00+00:00,CUST-0080,CAMP-025,SKU-0004,display,click,SES-00111,NA,Startup,0.76,0.0,CR-0009,AGY-01,
INT-00248,2025-03-08T21:21:00+00:00,CUST-0089,CAMP-013,SKU-0018,content_syndication,impression,SES-00102,NA,SMB,0.32,0.0,CR-0019,AGY-01,
INT-00249,2025-01-11T08:47:00+00:00,CUST-0063,CAMP-016,SKU-0021,display,impression,SES-00210,NA,Mid-Market,0.27,0.0,CR-0024,AGY-01,
INT-00250,2025-03-14T14:34:00+00:00,CUST-0026,CAMP-012,SKU-0015,paid_search,trial_start,SES-00119,EMEA,Mid-Market,23.57,409.48,CR-0029,AGY-01,
INT-00251,2025-01-15T00:43:00+00:00,CUST-0053,CAMP-032,SKU-0006,email,landing_view,SES-00062,LATAM,Startup,0.06,0.0,CR-0043,AGY-03,
INT-00252,2025-02-18T15:20:00+00:00,CUST-0049,CAMP-005,SKU-0022,content_syndication,purchase,SES-00123,APAC,Mid-Market,12.46,19737.8,CR-0026,AGY-02,DEAL-6890
INT-00253,2025-01-16T03:22:00+00:00,CUST-0090,CAMP-006,SKU-0019,social_paid,form_submit,SES-00169,LATAM,Mid-Market,5.27,0.0,CR-0023,AGY-03,
INT-00254,2025-01-09T23:24:00+00:00,CUST-0083,CAMP-026,SKU-0023,display,purchase,SES-00111,APAC,SMB,6.89,15103.78,CR-0001,AGY-02,
INT-00255,2025-01-03T05:39:00+00:00,CUST-0074,CAMP-015,SKU-0006,content_syndication,impression,SES-00119,EMEA,SMB,0.3,0.0,CR-0023,AGY-05,
INT-00256,2025-01-29T09:20:00+00:00,CUST-0038,CAMP-027,SKU-0027,social_paid,impression,SES-00187,NA,Enterprise,0.34,0.0,CR-0023,AGY-04,
INT-00257,2025-02-11T04:23:00+00:00,CUST-0027,CAMP-031,SKU-0008,display,click,SES-00113,NA,Mid-Market,0.76,0.0,CR-0045,AGY-04,
INT-00258,2025-03-03T15:14:00+00:00,CUST-0039,CAMP-003,SKU-0019,social_paid,impression,SES-00088,LATAM,Startup,0.39,0.0,CR-0007,AGY-02,
INT-00259,2025-03-29T05:47:00+00:00,CUST-0095,CAMP-016,SKU-0017,email,click,SES-00085,EMEA,Enterprise,0.15,0.0,CR-0028,AGY-01,
INT-00260,2025-03-09T02:50:00+00:00,CUST-0052,CAMP-012,SKU-0020,email,landing_view,SES-00111,LATAM,SMB,0.06,0.0,CR-0002,AGY-01,
INT-00261,2025-01-26T08:03:00+00:00,CUST-0026,CAMP-029,SKU-0012,organic_social,click,SES-00181,EMEA,Mid-Market,0.05,0.0,CR-0014,AGY-04,
INT-00262,2025-01-24T21:07:00+00:00,CUST-0009,CAMP-007,SKU-0020,email,impression,SES-00051,NA,Startup,0.05,0.0,CR-0008,AGY-04,
INT-00263,2025-02-02T00:55:00+00:00,CUST-0063,CAMP-021,SKU-0017,organic_social,landing_view,SES-00151,NA,Mid-Market,0.02,0.0,CR-0023,AGY-04,
INT-00264,2025-01-13T04:36:00+00:00,CUST-0080,CAMP-012,SKU-0015,partner,trial_start,SES-00152,NA,Startup,25.25,58.47,CR-0044,AGY-01,DEAL-3316
INT-00265,2025-01-17T21:47:00+00:00,CUST-0066,CAMP-025,SKU-0001,organic_social,click,SES-00148,NA,SMB,0.05,0.0,CR-0028,AGY-01,
INT-00266,2025-03-18T15:20:00+00:00,CUST-0069,CAMP-012,SKU-0015,email,click,SES-00036,NA,Enterprise,0.15,0.0,CR-0021,AGY-01,
INT-00267,2025-02-16T00:08:00+00:00,CUST-0007,CAMP-023,SKU-0001,paid_search,click,SES-00050,LATAM,Enterprise,2.61,0.0,CR-0036,AGY-02,
INT-00268,2025-01-08T12:35:00+00:00,CUST-0053,CAMP-032,SKU-0006,organic_social,landing_view,SES-00114,LATAM,Startup,0.02,0.0,CR-0011,AGY-03,
INT-00269,2025-03-13T01:33:00+00:00,CUST-0029,CAMP-019,SKU-0010,paid_search,impression,SES-00138,LATAM,Enterprise,0.74,0.0,CR-0011,AGY-02,
INT-00270,2025-03-16T21:01:00+00:00,CUST-0064,CAMP-008,SKU-0022,social_paid,impression,SES-00140,NA,Startup,0.39,0.0,CR-0035,AGY-02,
INT-00271,2025-03-21T15:03:00+00:00,CUST-0093,CAMP-029,SKU-0012,webinar,purchase,SES-00027,EMEA,Enterprise,63.01,10541.86,CR-0020,AGY-04,
INT-00272,2025-02-01T21:57:00+00:00,CUST-0057,CAMP-008,SKU-0025,webinar,impression,SES-00189,NA,SMB,1.33,0.0,CR-0045,AGY-02,
INT-00273,2025-03-15T07:30:00+00:00,CUST-0079,CAMP-028,SKU-0002,email,landing_view,SES-00201,EMEA,Startup,0.05,0.0,CR-0014,AGY-01,
INT-00274,2025-02-22T03:09:00+00:00,CUST-0045,CAMP-018,SKU-0018,email,impression,SES-00181,APAC,Enterprise,0.04,0.0,CR-0019,AGY-02,
INT-00275,2025-01-26T05:49:00+00:00,CUST-0066,CAMP-007,SKU-0020,email,purchase,SES-00202,NA,SMB,1.95,24410.91,CR-0004,AGY-04,DEAL-6277
INT-00276,2025-02-07T16:53:00+00:00,CUST-0032,CAMP-026,SKU-0005,content_syndication,impression,SES-00162,APAC,Enterprise,0.29,0.0,CR-0041,AGY-02,
INT-00277,2025-02-11T09:17:00+00:00,CUST-0010,CAMP-006,SKU-0019,organic_social,click,SES-00072,NA,Enterprise,0.06,0.0,CR-0024,AGY-03,
INT-00278,2025-03-14T10:11:00+00:00,CUST-0042,CAMP-001,SKU-0026,social_paid,form_submit,SES-00118,EMEA,SMB,5.09,0.0,CR-0005,AGY-05,
INT-00279,2025-02-19T19:37:00+00:00,CUST-0055,CAMP-014,SKU-0003,content_syndication,impression,SES-00213,EMEA,Mid-Market,0.31,0.0,CR-0022,AGY-06,
INT-00280,2025-01-10T01:31:00+00:00,CUST-0073,CAMP-032,SKU-0026,display,demo_booked,SES-00196,EMEA,Startup,4.41,3.26,CR-0003,AGY-03,
INT-00281,2025-03-24T18:37:00+00:00,CUST-0021,CAMP-029,SKU-0012,content_syndication,impression,SES-00110,NA,Enterprise,0.27,0.0,CR-0045,AGY-04,
INT-00282,2025-02-02T19:22:00+00:00,CUST-0084,CAMP-020,SKU-0023,email,demo_booked,SES-00071,LATAM,Mid-Market,0.51,180.76,CR-0042,AGY-04,DEAL-7493
INT-00283,2025-01-01T02:22:00+00:00,CUST-0081,CAMP-020,SKU-0007,webinar,click,SES-00024,NA,Startup,3.66,0.0,CR-0007,AGY-04,
INT-00284,2025-03-05T07:33:00+00:00,CUST-0010,CAMP-009,SKU-0009,webinar,click,SES-00114,NA,Enterprise,3.81,0.0,CR-0001,AGY-01,
INT-00285,2025-03-08T12:22:00+00:00,CUST-0016,CAMP-028,SKU-0012,email,click,SES-00059,EMEA,Mid-Market,0.16,0.0,CR-0006,AGY-01,
INT-00286,2025-02-28T09:32:00+00:00,CUST-0014,CAMP-021,SKU-0028,display,demo_booked,SES-00036,APAC,Mid-Market,4.62,106.1,CR-0009,AGY-04,DEAL-3688
INT-00287,2025-03-04T11:49:00+00:00,CUST-0057,CAMP-023,SKU-0001,webinar,landing_view,SES-00039,NA,SMB,1.57,0.0,CR-0040,AGY-02,
INT-00288,2025-02-01T23:56:00+00:00,CUST-0028,CAMP-006,SKU-0019,social_paid,impression,SES-00032,APAC,SMB,0.41,0.0,CR-0025,AGY-03,
INT-00289,2025-02-24T16:54:00+00:00,CUST-0041,CAMP-009,SKU-0007,webinar,impression,SES-00022,EMEA,SMB,1.24,0.0,CR-0036,AGY-01,
INT-00290,2025-02-17T03:02:00+00:00,CUST-0078,CAMP-019,SKU-0010,paid_search,mql,SES-00169,LATAM,Mid-Market,11.17,0.0,CR-0014,AGY-02,DEAL-1894
INT-00291,2025-01-07T11:07:00+00:00,CUST-0031,CAMP-032,SKU-0014,organic_social,impression,SES-00128,NA,Startup,0.02,0.0,CR-0039,AGY-03,
INT-00292,2025-02-03T06:15:00+00:00,CUST-0002,CAMP-024,SKU-0006,display,impression,SES-00215,EMEA,Enterprise,0.24,0.0,CR-0027,AGY-04,
INT-00293,2025-01-20T15:17:00+00:00,CUST-0023,CAMP-031,SKU-0028,social_paid,impression,SES-00018,EMEA,Startup,0.31,0.0,CR-0017,AGY-04,
INT-00294,2025-03-05T21:07:00+00:00,CUST-0008,CAMP-026,SKU-0005,partner,landing_view,SES-00129,APAC,Enterprise,1.16,0.0,CR-0028,AGY-02,
INT-00295,2025-02-18T19:45:00+00:00,CUST-0082,CAMP-010,SKU-0009,partner,impression,SES-00021,LATAM,Mid-Market,0.85,0.0,CR-0010,AGY-04,
INT-00296,2025-01-23T06:04:00+00:00,CUST-0076,CAMP-005,SKU-0003,partner,landing_view,SES-00187,EMEA,Mid-Market,1.05,0.0,CR-0004,AGY-02,
INT-00297,2025-03-09T12:15:00+00:00,CUST-0056,CAMP-008,SKU-0022,content_syndication,landing_view,SES-00015,EMEA,SMB,0.42,0.0,CR-0043,AGY-02,
INT-00298,2025-02-15T04:25:00+00:00,CUST-0023,CAMP-008,SKU-0003,paid_search,landing_view,SES-00180,EMEA,Startup,1.14,0.0,CR-0011,AGY-02,
INT-00299,2025-03-12T05:12:00+00:00,CUST-0067,CAMP-017,SKU-0004,email,impression,SES-00192,NA,Mid-Market,0.05,0.0,CR-0008,AGY-01,
INT-00300,2025-01-08T00:21:00+00:00,CUST-0043,CAMP-028,SKU-0026,partner,click,SES-00068,LATAM,Mid-Market,3.0,0.0,CR-0041,AGY-01,
INT-00301,2025-01-15T07:38:00+00:00,CUST-0066,CAMP-024,SKU-0021,paid_search,click,SES-00146,NA,SMB,2.32,0.0,CR-0024,AGY-04,
INT-00302,2025-01-23T06:13:00+00:00,CUST-0014,CAMP-008,SKU-0003,webinar,form_submit,SES-00001,APAC,Mid-Market,10.3,0.0,CR-0001,AGY-02,
INT-00303,2025-01-30T06:59:00+00:00,CUST-0020,CAMP-012,SKU-0020,paid_search,click,SES-00183,EMEA,SMB,2.31,0.0,CR-0015,AGY-01,
INT-00304,2025-02-15T16:43:00+00:00,CUST-0093,CAMP-021,SKU-0009,partner,mql,SES-00147,EMEA,Enterprise,13.49,0.0,CR-0008,AGY-04,DEAL-9450
INT-00305,2025-01-08T20:42:00+00:00,CUST-0006,CAMP-026,SKU-0005,social_paid,demo_booked,SES-00073,LATAM,Mid-Market,4.82,40.13,CR-0021,AGY-02,
INT-00306,2025-03-11T05:17:00+00:00,CUST-0039,CAMP-016,SKU-0010,content_syndication,impression,SES-00127,LATAM,Startup,0.33,0.0,CR-0035,AGY-01,
INT-00307,2025-03-18T10:04:00+00:00,CUST-0020,CAMP-001,SKU-0026,organic_social,impression,SES-00139,EMEA,SMB,0.02,0.0,CR-0041,AGY-05,
INT-00308,2025-01-19T16:15:00+00:00,CUST-0002,CAMP-022,SKU-0021,paid_search,form_submit,SES-00097,EMEA,Enterprise,10.64,0.0,CR-0007,AGY-04,
INT-00309,2025-03-23T16:09:00+00:00,CUST-0063,CAMP-004,SKU-0017,email,landing_view,SES-00024,NA,Mid-Market,0.07,0.0,CR-0015,AGY-04,
INT-00310,2025-02-16T00:07:00+00:00,CUST-0053,CAMP-024,SKU-0006,content_syndication,purchase,SES-00022,LATAM,Startup,8.04,3205.46,CR-0007,AGY-04,
INT-00311,2025-03-05T18:45:00+00:00,CUST-0056,CAMP-009,SKU-0022,webinar,impression,SES-00218,EMEA,SMB,1.32,0.0,CR-0026,AGY-01,
INT-00312,2025-03-12T23:47:00+00:00,CUST-0042,CAMP-021,SKU-0016,content_syndication,impression,SES-00020,EMEA,SMB,0.32,0.0,CR-0009,AGY-04,
INT-00313,2025-01-11T23:45:00+00:00,CUST-0014,CAMP-010,SKU-0013,social_paid,impression,SES-00120,APAC,Mid-Market,0.36,0.0,CR-0027,AGY-04,
INT-00314,2025-01-15T08:18:00+00:00,CUST-0027,CAMP-029,SKU-0012,partner,click,SES-00219,NA,Mid-Market,3.28,0.0,CR-0006,AGY-04,
INT-00315,2025-03-06T17:32:00+00:00,CUST-0039,CAMP-003,SKU-0024,webinar,mql,SES-00084,LATAM,Startup,13.37,0.0,CR-0006,AGY-02,DEAL-5896
INT-00316,2025-03-10T02:12:00+00:00,CUST-0034,CAMP-012,SKU-0020,paid_search,trial_start,SES-00219,EMEA,SMB,25.26,50.95,CR-0036,AGY-01,
INT-00317,2025-03-16T23:20:00+00:00,CUST-0016,CAMP-001,SKU-0024,paid_search,mql,SES-00057,EMEA,Mid-Market,10.83,0.0,CR-0013,AGY-05,
INT-00318,2025-02-10T08:41:00+00:00,CUST-0011,CAMP-017,SKU-0022,social_paid,impression,SES-00017,APAC,Enterprise,0.39,0.0,CR-0042,AGY-01,
INT-00319,2025-03-26T02:47:00+00:00,CUST-0012,CAMP-022,SKU-0003,social_paid,impression,SES-00119,APAC,Enterprise,0.37,0.0,CR-0011,AGY-04,
INT-00320,2025-02-02T05:12:00+00:00,CUST-0093,CAMP-026,SKU-0005,content_syndication,impression,SES-00175,EMEA,Enterprise,0.27,0.0,CR-0012,AGY-02,
INT-00321,2025-02-26T08:36:00+00:00,CUST-0024,CAMP-018,SKU-0024,partner,click,SES-00039,EMEA,SMB,3.11,0.0,CR-0040,AGY-02,
INT-00322,2025-01-08T23:37:00+00:00,CUST-0083,CAMP-019,SKU-0010,content_syndication,click,SES-00141,APAC,SMB,0.93,0.0,CR-0004,AGY-02,
INT-00323,2025-02-27T09:54:00+00:00,CUST-0018,CAMP-027,SKU-0018,webinar,landing_view,SES-00205,NA,Mid-Market,1.84,0.0,CR-0016,AGY-04,
INT-00324,2025-03-13T03:04:00+00:00,CUST-0070,CAMP-002,SKU-0002,organic_social,form_submit,SES-00092,EMEA,Mid-Market,0.25,0.0,CR-0035,AGY-04,
INT-00325,2025-01-20T22:27:00+00:00,CUST-0065,CAMP-021,SKU-0009,organic_social,impression,SES-00007,EMEA,Startup,0.01,0.0,CR-0039,AGY-04,
INT-00326,2025-03-30T15:41:00+00:00,CUST-0036,CAMP-004,SKU-0003,content_syndication,click,SES-00197,EMEA,Enterprise,0.9,0.0,CR-0015,AGY-04,
INT-00327,2025-03-11T13:05:00+00:00,CUST-0032,CAMP-016,SKU-0001,partner,click,SES-00203,APAC,Enterprise,3.45,0.0,CR-0004,AGY-01,
INT-00328,2025-01-22T12:45:00+00:00,CUST-0029,CAMP-025,SKU-0023,display,trial_start,SES-00217,LATAM,Enterprise,10.42,348.81,CR-0012,AGY-01,
INT-00329,2025-01-29T03:08:00+00:00,CUST-0004,CAMP-023,SKU-0001,email,click,SES-00049,NA,Mid-Market,0.14,0.0,CR-0035,AGY-02,
INT-00330,2025-02-13T12:10:00+00:00,CUST-0005,CAMP-006,SKU-0013,paid_search,impression,SES-00057,LATAM,Mid-Market,0.64,0.0,CR-0034,AGY-03,
INT-00331,2025-01-02T23:52:00+00:00,CUST-0079,CAMP-013,SKU-0018,email,impression,SES-00046,EMEA,Startup,0.04,0.0,CR-0004,AGY-01,
INT-00332,2025-03-06T03:05:00+00:00,CUST-0091,CAMP-010,SKU-0008,social_paid,mql,SES-00094,APAC,Mid-Market,7.29,0.0,CR-0024,AGY-04,DEAL-5944
INT-00333,2025-01-29T21:06:00+00:00,CUST-0042,CAMP-009,SKU-0023,email,form_submit,SES-00112,EMEA,SMB,0.55,0.0,CR-0042,AGY-01,
INT-00334,2025-01-28T22:15:00+00:00,CUST-0089,CAMP-023,SKU-0009,webinar,landing_view,SES-00209,NA,SMB,1.71,0.0,CR-0025,AGY-02,
INT-00335,2025-01-03T22:44:00+00:00,CUST-0038,CAMP-009,SKU-0023,email,form_submit,SES-00180,NA,Enterprise,0.46,0.0,CR-0037,AGY-01,
INT-00336,2025-01-22T15:54:00+00:00,CUST-0079,CAMP-015,SKU-0015,social_paid,trial_start,SES-00037,EMEA,Startup,10.75,318.09,CR-0005,AGY-05,
INT-00337,2025-01-07T04:05:00+00:00,CUST-0091,CAMP-022,SKU-0003,content_syndication,impression,SES-00054,APAC,Mid-Market,0.29,0.0,CR-0045,AGY-04,
INT-00338,2025-03-22T12:19:00+00:00,CUST-0014,CAMP-001,SKU-0018,paid_search,click,SES-00188,APAC,Mid-Market,2.44,0.0,CR-0011,AGY-05,
INT-00339,2025-03-11T00:24:00+00:00,CUST-0049,CAMP-023,SKU-0011,organic_social,impression,SES-00123,APAC,Mid-Market,0.02,0.0,CR-0042,AGY-02,
INT-00340,2025-01-30T00:14:00+00:00,CUST-0021,CAMP-029,SKU-0007,social_paid,form_submit,SES-00009,NA,Enterprise,3.75,0.0,CR-0002,AGY-04,
INT-00341,2025-02-24T01:40:00+00:00,CUST-0044,CAMP-011,SKU-0015,organic_social,impression,SES-00020,EMEA,Enterprise,0.02,0.0,CR-0022,AGY-05,
INT-00342,2025-01-15T07:11:00+00:00,CUST-0062,CAMP-002,SKU-0019,organic_social,trial_start,SES-00043,NA,Mid-Market,0.31,487.2,CR-0028,AGY-04,DEAL-9849
INT-00343,2025-02-20T00:45:00+00:00,CUST-0034,CAMP-019,SKU-0010,partner,impression,SES-00013,EMEA,SMB,0.99,0.0,CR-0037,AGY-02,
INT-00344,2025-02-26T21:31:00+00:00,CUST-0020,CAMP-004,SKU-0006,display,impression,SES-00023,EMEA,SMB,0.25,0.0,CR-0043,AGY-04,
INT-00345,2025-02-13T02:31:00+00:00,CUST-0026,CAMP-007,SKU-0020,paid_search,impression,SES-00164,EMEA,Mid-Market,0.83,0.0,CR-0006,AGY-04,
INT-00346,2025-02-28T10:10:00+00:00,CUST-0040,CAMP-026,SKU-0005,content_syndication,click,SES-00170,NA,Enterprise,1.01,0.0,CR-0006,AGY-02,
INT-00347,2025-02-10T00:37:00+00:00,CUST-0024,CAMP-024,SKU-0021,organic_social,impression,SES-00115,EMEA,SMB,0.01,0.0,CR-0017,AGY-04,
INT-00348,2025-03-02T19:34:00+00:00,CUST-0029,CAMP-018,SKU-0024,paid_search,impression,SES-00179,LATAM,Enterprise,0.71,0.0,CR-0006,AGY-02,
INT-00349,2025-02-08T02:30:00+00:00,CUST-0070,CAMP-027,SKU-0019,webinar,click,SES-00216,EMEA,Mid-Market,4.56,0.0,CR-0034,AGY-04,
INT-00350,2025-02-15T16:51:00+00:00,CUST-0088,CAMP-031,SKU-0024,webinar,click,SES-00021,NA,Startup,4.09,0.0,CR-0003,AGY-04,
INT-00351,2025-03-30T11:43:00+00:00,CUST-0067,CAMP-010,SKU-0009,social_paid,trial_start,SES-00115,NA,Mid-Market,8.84,21.34,CR-0011,AGY-04,DEAL-8133
INT-00352,2025-02-05T07:48:00+00:00,CUST-0026,CAMP-010,SKU-0008,partner,impression,SES-00187,EMEA,Mid-Market,0.92,0.0,CR-0006,AGY-04,
INT-00353,2025-02-07T17:21:00+00:00,CUST-0071,CAMP-021,SKU-0028,partner,click,SES-00004,APAC,Enterprise,2.68,0.0,CR-0008,AGY-04,
INT-00354,2025-03-22T02:41:00+00:00,CUST-0073,CAMP-007,SKU-0020,social_paid,click,SES-00026,EMEA,Startup,1.14,0.0,CR-0035,AGY-04,
INT-00355,2025-01-04T09:50:00+00:00,CUST-0053,CAMP-017,SKU-0009,organic_social,landing_view,SES-00147,LATAM,Startup,0.02,0.0,CR-0031,AGY-01,
INT-00356,2025-03-09T21:06:00+00:00,CUST-0052,CAMP-010,SKU-0009,organic_social,impression,SES-00085,LATAM,SMB,0.01,0.0,CR-0004,AGY-04,
INT-00357,2025-01-26T12:25:00+00:00,CUST-0035,CAMP-024,SKU-0009,paid_search,impression,SES-00204,NA,SMB,0.83,0.0,CR-0020,AGY-04,
INT-00358,2025-01-25T12:33:00+00:00,CUST-0090,CAMP-007,SKU-0020,webinar,impression,SES-00191,LATAM,Mid-Market,1.28,0.0,CR-0021,AGY-04,
INT-00359,2025-03-11T03:08:00+00:00,CUST-0078,CAMP-006,SKU-0004,webinar,click,SES-00211,LATAM,Mid-Market,4.02,0.0,CR-0032,AGY-03,
INT-00360,2025-01-13T08:19:00+00:00,CUST-0048,CAMP-004,SKU-0003,email,impression,SES-00182,EMEA,Enterprise,0.05,0.0,CR-0026,AGY-04,
INT-00361,2025-01-23T17:01:00+00:00,CUST-0068,CAMP-002,SKU-0007,email,impression,SES-00214,APAC,SMB,0.04,0.0,CR-0004,AGY-04,
INT-00362,2025-02-06T03:08:00+00:00,CUST-0007,CAMP-024,SKU-0009,webinar,impression,SES-00211,LATAM,Enterprise,1.25,0.0,CR-0033,AGY-04,
INT-00363,2025-03-29T10:17:00+00:00,CUST-0016,CAMP-002,SKU-0002,webinar,impression,SES-00153,EMEA,Mid-Market,1.33,0.0,CR-0012,AGY-04,
INT-00364,2025-01-03T11:57:00+00:00,CUST-0076,CAMP-023,SKU-0027,display,impression,SES-00067,EMEA,Mid-Market,0.23,0.0,CR-0019,AGY-02,
INT-00365,2025-03-01T07:24:00+00:00,CUST-0021,CAMP-014,SKU-0012,webinar,landing_view,SES-00174,NA,Enterprise,1.56,0.0,CR-0018,AGY-06,
INT-00366,2025-03-14T21:30:00+00:00,CUST-0003,CAMP-001,SKU-0024,content_syndication,trial_start,SES-00166,LATAM,SMB,5.63,402.54,CR-0039,AGY-05,DEAL-5511
INT-00367,2025-03-03T15:21:00+00:00,CUST-0055,CAMP-025,SKU-0001,display,click,SES-00056,EMEA,Mid-Market,0.8,0.0,CR-0020,AGY-01,
INT-00368,2025-02-28T22:08:00+00:00,CUST-0080,CAMP-026,SKU-0005,social_paid,impression,SES-00170,NA,Startup,0.37,0.0,CR-0036,AGY-02,
INT-00369,2025-01-30T14:16:00+00:00,CUST-0037,CAMP-020,SKU-0011,social_paid,click,SES-00087,NA,Startup,1.33,0.0,CR-0041,AGY-04,
INT-00370,2025-03-15T07:29:00+00:00,CUST-0034,CAMP-020,SKU-0023,webinar,impression,SES-00196,EMEA,SMB,1.33,0.0,CR-0004,AGY-04,
INT-00371,2025-02-15T06:31:00+00:00,CUST-0077,CAMP-026,SKU-0023,display,landing_view,SES-00185,LATAM,SMB,0.37,0.0,CR-0042,AGY-02,
INT-00372,2025-03-16T06:36:00+00:00,CUST-0034,CAMP-027,SKU-0018,organic_social,click,SES-00010,EMEA,SMB,0.05,0.0,CR-0037,AGY-04,
INT-00373,2025-01-28T07:47:00+00:00,CUST-0093,CAMP-015,SKU-0015,content_syndication,demo_booked,SES-00172,EMEA,Enterprise,6.48,175.3,CR-0033,AGY-05,DEAL-2599
INT-00374,2025-03-23T21:11:00+00:00,CUST-0061,CAMP-009,SKU-0007,partner,form_submit,SES-00144,EMEA,Mid-Market,10.11,0.0,CR-0044,AGY-01,
INT-00375,2025-02-23T07:11:00+00:00,CUST-0046,CAMP-015,SKU-0015,partner,click,SES-00085,LATAM,Mid-Market,2.81,0.0,CR-0017,AGY-05,
INT-00376,2025-01-07T11:34:00+00:00,CUST-0016,CAMP-031,SKU-0005,paid_search,demo_booked,SES-00150,EMEA,Mid-Market,9.97,23.96,CR-0040,AGY-04,
INT-00377,2025-01-19T05:33:00+00:00,CUST-0068,CAMP-020,SKU-0023,organic_social,impression,SES-00219,APAC,SMB,0.01,0.0,CR-0009,AGY-04,
INT-00378,2025-02-14T09:08:00+00:00,CUST-0073,CAMP-030,SKU-0022,email,impression,SES-00184,EMEA,Startup,0.04,0.0,CR-0006,AGY-03,
INT-00379,2025-02-22T10:54:00+00:00,CUST-0023,CAMP-021,SKU-0016,paid_search,impression,SES-00071,EMEA,Startup,0.81,0.0,CR-0011,AGY-04,
INT-00380,2025-02-09T01:13:00+00:00,CUST-0063,CAMP-006,SKU-0004,email,landing_view,SES-00163,NA,Mid-Market,0.07,0.0,CR-0026,AGY-03,
INT-00381,2025-03-23T04:37:00+00:00,CUST-0050,CAMP-001,SKU-0026,paid_search,click,SES-00188,LATAM,Enterprise,2.37,0.0,CR-0001,AGY-05,
INT-00382,2025-01-21T14:17:00+00:00,CUST-0068,CAMP-013,SKU-0009,paid_search,landing_view,SES-00161,APAC,SMB,1.06,0.0,CR-0016,AGY-01,
INT-00383,2025-01-16T04:51:00+00:00,CUST-0045,CAMP-020,SKU-0007,email,impression,SES-00129,APAC,Enterprise,0.04,0.0,CR-0020,AGY-04,
INT-00384,2025-01-31T18:00:00+00:00,CUST-0006,CAMP-020,SKU-0007,partner,click,SES-00134,LATAM,Mid-Market,2.94,0.0,CR-0034,AGY-04,
INT-00385,2025-01-16T00:11:00+00:00,CUST-0088,CAMP-009,SKU-0022,display,purchase,SES-00126,NA,Startup,13.94,12010.9,CR-0013,AGY-01,DEAL-3149
INT-00386,2025-03-21T18:50:00+00:00,CUST-0028,CAMP-002,SKU-0005,email,impression,SES-00183,APAC,SMB,0.05,0.0,CR-0025,AGY-04,
INT-00387,2025-03-04T18:46:00+00:00,CUST-0069,CAMP-004,SKU-0017,paid_search,landing_view,SES-00168,NA,Enterprise,0.88,0.0,CR-0004,AGY-04,
INT-00388,2025-03-05T06:40:00+00:00,CUST-0057,CAMP-025,SKU-0023,social_paid,click,SES-00122,NA,SMB,1.27,0.0,CR-0014,AGY-01,
INT-00389,2025-02-26T16:31:00+00:00,CUST-0002,CAMP-020,SKU-0007,organic_social,landing_view,SES-00170,EMEA,Enterprise,0.02,0.0,CR-0018,AGY-04,
INT-00390,2025-01-11T09:03:00+00:00,CUST-0018,CAMP-027,SKU-0002,social_paid,click,SES-00159,NA,Mid-Market,1.3,0.0,CR-0019,AGY-04,
INT-00391,2025-02-02T13:53:00+00:00,CUST-0064,CAMP-013,SKU-0017,webinar,form_submit,SES-00213,NA,Startup,19.95,0.0,CR-0013,AGY-01,
INT-00392,2025-01-01T05:58:00+00:00,CUST-0006,CAMP-032,SKU-0006,webinar,landing_view,SES-00124,LATAM,Mid-Market,1.37,0.0,CR-0016,AGY-03,
INT-00393,2025-03-07T20:38:00+00:00,CUST-0012,CAMP-008,SKU-0025,content_syndication,impression,SES-00024,APAC,Enterprise,0.32,0.0,CR-0005,AGY-02,
INT-00394,2025-01-05T13:24:00+00:00,CUST-0033,CAMP-015,SKU-0015,content_syndication,purchase,SES-00076,APAC,SMB,6.32,2257.11,CR-0030,AGY-05,DEAL-6123
INT-00395,2025-03-02T09:07:00+00:00,CUST-0055,CAMP-008,SKU-0003,social_paid,mql,SES-00012,EMEA,Mid-Market,5.79,0.0,CR-0009,AGY-02,
INT-00396,2025-02-06T11:30:00+00:00,CUST-0080,CAMP-018,SKU-0024,social_paid,impression,SES-00088,NA,Startup,0.35,0.0,CR-0008,AGY-02,
INT-00397,2025-03-22T15:46:00+00:00,CUST-0059,CAMP-018,SKU-0018,organic_social,landing_view,SES-00123,NA,SMB,0.02,0.0,CR-0042,AGY-02,
INT-00398,2025-02-07T20:49:00+00:00,CUST-0015,CAMP-009,SKU-0007,paid_search,purchase,SES-00217,LATAM,Enterprise,37.58,16447.68,CR-0007,AGY-01,DEAL-7221
INT-00399,2025-02-10T02:41:00+00:00,CUST-0046,CAMP-002,SKU-0005,email,click,SES-00125,LATAM,Mid-Market,0.13,0.0,CR-0027,AGY-04,
INT-00400,2025-03-21T11:24:00+00:00,CUST-0034,CAMP-021,SKU-0016,paid_search,landing_view,SES-00174,EMEA,SMB,0.95,0.0,CR-0043,AGY-04,
INT-00401,2025-03-02T09:53:00+00:00,CUST-0067,CAMP-007,SKU-0020,organic_social,landing_view,SES-00064,NA,Mid-Market,0.02,0.0,CR-0023,AGY-04,
INT-00402,2025-03-21T03:16:00+00:00,CUST-0050,CAMP-010,SKU-0005,paid_search,impression,SES-00041,LATAM,Enterprise,0.67,0.0,CR-0032,AGY-04,
INT-00403,2025-01-21T06:30:00+00:00,CUST-0063,CAMP-021,SKU-0017,webinar,impression,SES-00072,NA,Mid-Market,1.22,0.0,CR-0033,AGY-04,
INT-00404,2025-03-19T23:14:00+00:00,CUST-0049,CAMP-026,SKU-0005,webinar,impression,SES-00114,APAC,Mid-Market,1.2,0.0,CR-0006,AGY-02,
INT-00405,2025-02-07T12:46:00+00:00,CUST-0041,CAMP-008,SKU-0003,content_syndication,form_submit,SES-00005,EMEA,SMB,2.68,0.0,CR-0026,AGY-02,
INT-00406,2025-03-17T02:55:00+00:00,CUST-0012,CAMP-020,SKU-0011,webinar,landing_view,SES-00117,APAC,Enterprise,1.39,0.0,CR-0024,AGY-04,
INT-00407,2025-03-07T05:33:00+00:00,CUST-0029,CAMP-030,SKU-0012,display,click,SES-00159,LATAM,Enterprise,0.84,0.0,CR-0031,AGY-03,
INT-00408,2025-02-01T01:42:00+00:00,CUST-0092,CAMP-029,SKU-0012,social_paid,impression,SES-00169,NA,Startup,0.34,0.0,CR-0001,AGY-04,
INT-00409,2025-01-13T18:48:00+00:00,CUST-0082,CAMP-019,SKU-0009,display,landing_view,SES-00012,LATAM,Mid-Market,0.35,0.0,CR-0032,AGY-02,
INT-00410,2025-03-26T16:05:00+00:00,CUST-0093,CAMP-027,SKU-0027,social_paid,impression,SES-00051,EMEA,Enterprise,0.4,0.0,CR-0008,AGY-04,
INT-00411,2025-03-26T08:14:00+00:00,CUST-0028,CAMP-030,SKU-0004,webinar,landing_view,SES-00028,APAC,SMB,1.66,0.0,CR-0003,AGY-03,
INT-00412,2025-03-29T17:34:00+00:00,CUST-0087,CAMP-008,SKU-0025,content_syndication,click,SES-00151,NA,Startup,1.0,0.0,CR-0009,AGY-02,
INT-00413,2025-03-04T23:17:00+00:00,CUST-0068,CAMP-004,SKU-0003,organic_social,mql,SES-00124,APAC,SMB,0.26,0.0,CR-0012,AGY-04,DEAL-7347
INT-00414,2025-02-06T05:09:00+00:00,CUST-0085,CAMP-021,SKU-0016,organic_social,click,SES-00156,LATAM,Mid-Market,0.06,0.0,CR-0018,AGY-04,
INT-00415,2025-02-19T20:42:00+00:00,CUST-0038,CAMP-029,SKU-0007,email,impression,SES-00155,NA,Enterprise,0.05,0.0,CR-0045,AGY-04,
INT-00416,2025-02-01T10:18:00+00:00,CUST-0092,CAMP-014,SKU-0003,webinar,impression,SES-00183,NA,Startup,1.35,0.0,CR-0044,AGY-06,
INT-00417,2025-02-13T17:23:00+00:00,CUST-0017,CAMP-012,SKU-0020,display,landing_view,SES-00195,LATAM,Startup,0.33,0.0,CR-0036,AGY-01,
INT-00418,2025-01-10T16:35:00+00:00,CUST-0086,CAMP-027,SKU-0002,partner,demo_booked,SES-00109,LATAM,SMB,6.97,134.05,CR-0034,AGY-04,DEAL-3636
INT-00419,2025-03-10T14:15:00+00:00,CUST-0037,CAMP-017,SKU-0004,email,mql,SES-00177,NA,Startup,0.67,0.0,CR-0014,AGY-01,DEAL-4675
INT-00420,2025-03-02T11:36:00+00:00,CUST-0083,CAMP-025,SKU-0014,webinar,click,SES-00204,APAC,SMB,3.46,0.0,CR-0045,AGY-01,
INT-00421,2025-01-05T21:31:00+00:00,CUST-0049,CAMP-025,SKU-0014,organic_social,trial_start,SES-00176,APAC,Mid-Market,0.28,310.28,CR-0036,AGY-01,
INT-00422,2025-01-27T18:38:00+00:00,CUST-0057,CAMP-015,SKU-0006,display,form_submit,SES-00140,NA,SMB,3.93,0.0,CR-0013,AGY-05,
INT-00423,2025-02-09T00:05:00+00:00,CUST-0010,CAMP-012,SKU-0020,email,form_submit,SES-00031,NA,Enterprise,0.5,0.0,CR-0003,AGY-01,
INT-00424,2025-01-14T23:46:00+00:00,CUST-0021,CAMP-017,SKU-0022,paid_search,impression,SES-00182,NA,Enterprise,0.85,0.0,CR-0003,AGY-01,
INT-00425,2025-01-07T15:12:00+00:00,CUST-0077,CAMP-004,SKU-0003,partner,click,SES-00147,LATAM,SMB,3.26,0.0,CR-0023,AGY-04,
INT-00426,2025-02-19T10:22:00+00:00,CUST-0041,CAMP-015,SKU-0006,email,click,SES-00202,EMEA,SMB,0.15,0.0,CR-0027,AGY-05,
INT-00427,2025-02-02T20:10:00+00:00,CUST-0012,CAMP-023,SKU-0002,webinar,demo_booked,SES-00170,APAC,Enterprise,16.68,123.66,CR-0022,AGY-02,DEAL-1144
INT-00428,2025-01-23T04:38:00+00:00,CUST-0015,CAMP-023,SKU-0011,content_syndication,impression,SES-00165,LATAM,Enterprise,0.34,0.0,CR-0040,AGY-02,
INT-00429,2025-02-19T04:09:00+00:00,CUST-0088,CAMP-021,SKU-0028,organic_social,trial_start,SES-00030,NA,Startup,0.57,258.43,CR-0017,AGY-04,
INT-00430,2025-02-16T18:37:00+00:00,CUST-0066,CAMP-029,SKU-0012,content_syndication,impression,SES-00167,NA,SMB,0.26,0.0,CR-0021,AGY-04,
INT-00431,2025-02-08T14:41:00+00:00,CUST-0013,CAMP-011,SKU-0011,paid_search,landing_view,SES-00054,NA,Mid-Market,1.1,0.0,CR-0044,AGY-05,
INT-00432,2025-03-07T06:01:00+00:00,CUST-0027,CAMP-028,SKU-0005,social_paid,form_submit,SES-00040,NA,Mid-Market,4.02,0.0,CR-0030,AGY-01,
INT-00433,2025-02-07T02:29:00+00:00,CUST-0007,CAMP-012,SKU-0015,partner,click,SES-00148,LATAM,Enterprise,2.9,0.0,CR-0017,AGY-01,
INT-00434,2025-01-01T12:53:00+00:00,CUST-0081,CAMP-026,SKU-0023,organic_social,impression,SES-00100,NA,Startup,0.02,0.0,CR-0035,AGY-02,
INT-00435,2025-01-10T15:51:00+00:00,CUST-0080,CAMP-005,SKU-0020,paid_search,landing_view,SES-00019,NA,Startup,0.94,0.0,CR-0033,AGY-02,
INT-00436,2025-03-16T19:57:00+00:00,CUST-0088,CAMP-020,SKU-0011,social_paid,impression,SES-00113,NA,Startup,0.38,0.0,CR-0026,AGY-04,
INT-00437,2025-01-14T02:44:00+00:00,CUST-0061,CAMP-011,SKU-0025,webinar,impression,SES-00101,EMEA,Mid-Market,1.13,0.0,CR-0041,AGY-05,
INT-00438,2025-01-04T19:15:00+00:00,CUST-0094,CAMP-024,SKU-0021,paid_search,click,SES-00143,EMEA,Enterprise,2.13,0.0,CR-0008,AGY-04,
INT-00439,2025-02-07T13:27:00+00:00,CUST-0077,CAMP-026,SKU-0005,social_paid,impression,SES-00192,LATAM,SMB,0.4,0.0,CR-0014,AGY-02,
INT-00440,2025-01-11T10:23:00+00:00,CUST-0066,CAMP-010,SKU-0013,email,impression,SES-00158,NA,SMB,0.04,0.0,CR-0013,AGY-04,
INT-00441,2025-01-07T03:09:00+00:00,CUST-0073,CAMP-004,SKU-0006,content_syndication,landing_view,SES-00019,EMEA,Startup,0.37,0.0,CR-0043,AGY-04,
INT-00442,2025-01-10T02:33:00+00:00,CUST-0026,CAMP-032,SKU-0014,display,impression,SES-00172,EMEA,Mid-Market,0.22,0.0,CR-0016,AGY-03,
INT-00443,2025-01-28T19:45:00+00:00,CUST-0009,CAMP-013,SKU-0017,display,click,SES-00085,NA,Startup,0.85,0.0,CR-0043,AGY-01,
INT-00444,2025-01-23T09:46:00+00:00,CUST-0020,CAMP-024,SKU-0021,display,trial_start,SES-00044,EMEA,SMB,11.79,320.42,CR-0021,AGY-04,DEAL-6889
INT-00445,2025-02-20T05:08:00+00:00,CUST-0018,CAMP-022,SKU-0021,content_syndication,click,SES-00092,NA,Mid-Market,0.88,0.0,CR-0032,AGY-04,
INT-00446,2025-01-24T23:02:00+00:00,CUST-0083,CAMP-006,SKU-0019,partner,mql,SES-00036,APAC,SMB,16.92,0.0,CR-0013,AGY-03,
INT-00447,2025-01-24T17:19:00+00:00,CUST-0003,CAMP-002,SKU-0005,organic_social,form_submit,SES-00055,LATAM,SMB,0.27,0.0,CR-0036,AGY-04,
INT-00448,2025-02-12T07:09:00+00:00,CUST-0061,CAMP-010,SKU-0013,display,click,SES-00198,EMEA,Mid-Market,0.8,0.0,CR-0009,AGY-04,
INT-00449,2025-03-04T06:34:00+00:00,CUST-0012,CAMP-026,SKU-0023,display,click,SES-00170,APAC,Enterprise,0.72,0.0,CR-0040,AGY-02,
INT-00450,2025-03-27T11:39:00+00:00,CUST-0066,CAMP-009,SKU-0007,content_syndication,impression,SES-00145,NA,SMB,0.29,0.0,CR-0031,AGY-01,
INT-00451,2025-03-02T20:32:00+00:00,CUST-0029,CAMP-032,SKU-0026,webinar,impression,SES-00095,LATAM,Enterprise,1.09,0.0,CR-0003,AGY-03,
INT-00452,2025-01-30T11:56:00+00:00,CUST-0047,CAMP-025,SKU-0018,content_syndication,trial_start,SES-00012,EMEA,SMB,8.02,316.78,CR-0042,AGY-01,DEAL-5314
INT-00453,2025-01-23T21:35:00+00:00,CUST-0075,CAMP-012,SKU-0015,organic_social,landing_view,SES-00094,LATAM,Enterprise,0.02,0.0,CR-0034,AGY-01,
INT-00454,2025-03-22T18:03:00+00:00,CUST-0029,CAMP-026,SKU-0005,display,mql,SES-00089,LATAM,Enterprise,3.94,0.0,CR-0031,AGY-02,DEAL-3713
INT-00455,2025-02-24T19:08:00+00:00,CUST-0030,CAMP-005,SKU-0003,partner,impression,SES-00048,NA,Enterprise,0.96,0.0,CR-0024,AGY-02,
INT-00456,2025-03-03T11:03:00+00:00,CUST-0016,CAMP-015,SKU-0010,organic_social,mql,SES-00185,EMEA,Mid-Market,0.2,0.0,CR-0031,AGY-05,DEAL-7732
INT-00457,2025-02-27T07:15:00+00:00,CUST-0003,CAMP-016,SKU-0010,paid_search,impression,SES-00152,LATAM,SMB,0.75,0.0,CR-0009,AGY-01,
INT-00458,2025-03-30T05:20:00+00:00,CUST-0074,CAMP-010,SKU-0005,paid_search,impression,SES-00047,EMEA,SMB,0.76,0.0,CR-0039,AGY-04,
INT-00459,2025-01-16T12:36:00+00:00,CUST-0003,CAMP-019,SKU-0010,social_paid,impression,SES-00156,LATAM,SMB,0.33,0.0,CR-0031,AGY-02,
INT-00460,2025-03-07T22:00:00+00:00,CUST-0053,CAMP-010,SKU-0013,email,landing_view,SES-00131,LATAM,Startup,0.06,0.0,CR-0011,AGY-04,
INT-00461,2025-01-19T10:02:00+00:00,CUST-0059,CAMP-005,SKU-0003,webinar,impression,SES-00034,NA,SMB,1.21,0.0,CR-0002,AGY-02,
INT-00462,2025-02-24T14:18:00+00:00,CUST-0065,CAMP-027,SKU-0019,email,landing_view,SES-00046,EMEA,Startup,0.05,0.0,CR-0040,AGY-04,
INT-00463,2025-03-17T07:44:00+00:00,CUST-0069,CAMP-008,SKU-0025,social_paid,click,SES-00034,NA,Enterprise,1.02,0.0,CR-0035,AGY-02,
INT-00464,2025-01-21T21:19:00+00:00,CUST-0087,CAMP-028,SKU-0026,organic_social,impression,SES-00012,NA,Startup,0.02,0.0,CR-0028,AGY-01,
INT-00465,2025-02-08T17:29:00+00:00,CUST-0062,CAMP-025,SKU-0004,display,click,SES-00190,NA,Mid-Market,0.71,0.0,CR-0007,AGY-01,
INT-00466,2025-01-18T04:55:00+00:00,CUST-0062,CAMP-015,SKU-0027,social_paid,impression,SES-00140,NA,Mid-Market,0.31,0.0,CR-0017,AGY-05,
INT-00467,2025-02-07T05:08:00+00:00,CUST-0001,CAMP-008,SKU-0017,paid_search,impression,SES-00053,EMEA,Enterprise,0.72,0.0,CR-0021,AGY-02,
INT-00468,2025-02-03T06:45:00+00:00,CUST-0020,CAMP-028,SKU-0012,partner,impression,SES-00138,EMEA,SMB,0.93,0.0,CR-0037,AGY-01,
INT-00469,2025-02-03T16:44:00+00:00,CUST-0088,CAMP-026,SKU-0005,webinar,click,SES-00201,NA,Startup,4.07,0.0,CR-0012,AGY-02,
INT-00470,2025-03-08T23:20:00+00:00,CUST-0062,CAMP-017,SKU-0026,partner,click,SES-00199,NA,Mid-Market,2.67,0.0,CR-0026,AGY-01,
INT-00471,2025-01-20T12:29:00+00:00,CUST-0085,CAMP-008,SKU-0014,webinar,click,SES-00180,LATAM,Mid-Market,4.01,0.0,CR-0007,AGY-02,
INT-00472,2025-03-16T22:25:00+00:00,CUST-0044,CAMP-004,SKU-0017,email,click,SES-00163,EMEA,Enterprise,0.13,0.0,CR-0006,AGY-04,
INT-00473,2025-02-25T10:26:00+00:00,CUST-0077,CAMP-028,SKU-0010,social_paid,impression,SES-00057,LATAM,SMB,0.31,0.0,CR-0006,AGY-01,
INT-00474,2025-02-28T06:44:00+00:00,CUST-0050,CAMP-026,SKU-0023,partner,landing_view,SES-00153,LATAM,Enterprise,1.2,0.0,CR-0012,AGY-02,
INT-00475,2025-02-16T22:48:00+00:00,CUST-0002,CAMP-013,SKU-0017,partner,impression,SES-00201,EMEA,Enterprise,0.95,0.0,CR-0033,AGY-01,
INT-00476,2025-01-08T21:42:00+00:00,CUST-0079,CAMP-011,SKU-0015,paid_search,impression,SES-00168,EMEA,Startup,0.86,0.0,CR-0011,AGY-05,
INT-00477,2025-03-09T01:50:00+00:00,CUST-0052,CAMP-023,SKU-0011,organic_social,click,SES-00052,LATAM,SMB,0.05,0.0,CR-0001,AGY-02,
INT-00478,2025-02-25T04:37:00+00:00,CUST-0012,CAMP-019,SKU-0010,display,impression,SES-00209,APAC,Enterprise,0.27,0.0,CR-0015,AGY-02,
INT-00479,2025-01-07T14:07:00+00:00,CUST-0059,CAMP-026,SKU-0023,paid_search,impression,SES-00105,NA,SMB,0.75,0.0,CR-0036,AGY-02,
INT-00480,2025-03-05T04:29:00+00:00,CUST-0044,CAMP-008,SKU-0025,partner,demo_booked,SES-00209,EMEA,Enterprise,12.34,96.73,CR-0017,AGY-02,DEAL-6565
INT-00481,2025-02-27T16:15:00+00:00,CUST-0059,CAMP-030,SKU-0022,paid_search,click,SES-00067,NA,SMB,2.72,0.0,CR-0025,AGY-03,
INT-00482,2025-03-17T17:55:00+00:00,CUST-0029,CAMP-015,SKU-0010,display,click,SES-00091,LATAM,Enterprise,0.74,0.0,CR-0045,AGY-05,
INT-00483,2025-02-20T11:26:00+00:00,CUST-0037,CAMP-006,SKU-0004,organic_social,landing_view,SES-00211,NA,Startup,0.02,0.0,CR-0005,AGY-03,
INT-00484,2025-03-28T05:00:00+00:00,CUST-0061,CAMP-021,SKU-0009,display,impression,SES-00147,EMEA,Mid-Market,0.26,0.0,CR-0012,AGY-04,
INT-00485,2025-01-21T20:42:00+00:00,CUST-0025,CAMP-032,SKU-0006,webinar,impression,SES-00062,APAC,SMB,1.09,0.0,CR-0014,AGY-03,
INT-00486,2025-03-28T23:55:00+00:00,CUST-0032,CAMP-023,SKU-0027,email,form_submit,SES-00031,APAC,Enterprise,0.8,0.0,CR-0044,AGY-02,
INT-00487,2025-03-21T01:51:00+00:00,CUST-0070,CAMP-003,SKU-0028,content_syndication,impression,SES-00081,EMEA,Mid-Market,0.28,0.0,CR-0037,AGY-02,
INT-00488,2025-02-17T20:29:00+00:00,CUST-0024,CAMP-018,SKU-0024,organic_social,impression,SES-00148,EMEA,SMB,0.02,0.0,CR-0004,AGY-02,
INT-00489,2025-03-30T21:12:00+00:00,CUST-0062,CAMP-003,SKU-0024,display,click,SES-00176,NA,Mid-Market,0.71,0.0,CR-0030,AGY-02,
INT-00490,2025-02-04T12:52:00+00:00,CUST-0067,CAMP-030,SKU-0012,display,landing_view,SES-00004,NA,Mid-Market,0.33,0.0,CR-0014,AGY-03,
INT-00491,2025-02-12T21:40:00+00:00,CUST-0042,CAMP-024,SKU-0021,partner,impression,SES-00068,EMEA,SMB,1.02,0.0,CR-0018,AGY-04,
INT-00492,2025-03-10T11:11:00+00:00,CUST-0044,CAMP-024,SKU-0009,email,click,SES-00054,EMEA,Enterprise,0.14,0.0,CR-0045,AGY-04,
INT-00493,2025-03-07T14:38:00+00:00,CUST-0052,CAMP-018,SKU-0024,content_syndication,impression,SES-00034,LATAM,SMB,0.28,0.0,CR-0007,AGY-02,
INT-00494,2025-03-15T08:00:00+00:00,CUST-0031,CAMP-028,SKU-0002,organic_social,impression,SES-00205,NA,Startup,0.01,0.0,CR-0031,AGY-01,
INT-00495,2025-02-18T14:30:00+00:00,CUST-0054,CAMP-032,SKU-0014,email,purchase,SES-00218,NA,SMB,2.15,9240.92,CR-0034,AGY-03,
INT-00496,2025-03-16T01:48:00+00:00,CUST-0073,CAMP-004,SKU-0017,organic_social,impression,SES-00042,EMEA,Startup,0.01,0.0,CR-0014,AGY-04,
INT-00497,2025-02-21T00:06:00+00:00,CUST-0081,CAMP-007,SKU-0020,content_syndication,form_submit,SES-00067,NA,Startup,5.17,0.0,CR-0024,AGY-04,
INT-00498,2025-02-22T12:09:00+00:00,CUST-0045,CAMP-002,SKU-0019,organic_social,impression,SES-00174,APAC,Enterprise,0.02,0.0,CR-0013,AGY-04,
INT-00499,2025-03-22T23:25:00+00:00,CUST-0084,CAMP-012,SKU-0020,partner,impression,SES-00173,LATAM,Mid-Market,0.79,0.0,CR-0029,AGY-01,
INT-00500,2025-03-15T12:29:00+00:00,CUST-0079,CAMP-019,SKU-0009,content_syndication,landing_view,SES-00038,EMEA,Startup,0.45,0.0,CR-0041,AGY-02,
